scorer,DavidPagnon,DavidPagnon,DavidPagnon,DavidPagnon,DavidPagnon,DavidPagnon,DavidPagnon,DavidPagnon,DavidPagnon,DavidPagnon,DavidPagnon,DavidPagnon,DavidPagnon,DavidPagnon,DavidPagnon,DavidPagnon,DavidPagnon,DavidPagnon,DavidPagnon,DavidPagnon,DavidPagnon,DavidPagnon
individuals,person0,person0,person0,person0,person0,person0,person0,person0,person0,person0,person0,person0,person0,person0,person0,person0,person0,person0,person0,person0,person0,person0
angs,Time,Right ankle,Left ankle,Right knee,Left knee,Right hip,Left hip,Right shoulder,Left shoulder,Right elbow,Left elbow,Right foot,Left foot,Right shank,Left shank,Right thigh,Left thigh,Trunk,Right arm,Left arm,Right forearm,Left forearm
coords,seconds,dorsiflexion,dorsiflexion,flexion,flexion,flexion,flexion,flexion,flexion,flexion,flexion,horizontal,horizontal,horizontal,horizontal,horizontal,horizontal,horizontal,horizontal,horizontal,horizontal,horizontal
0,0.0,14.174218709270761,18.726314231125926,83.44906449789363,15.690439884265743,84.57106501312731,21.534220468199806,51.86703907421307,75.83966302715655,106.39540291007924,55.192773148935785,3.622080695234671,1.1375127145149886,-100.5521380140361,-107.58880151661094,-17.10307351614253,-91.89836163234519,107.55336031490744,-49.80709945505678,-37.59291907338847,56.58830345502246,17.599854075547324
1,0.0334776334776334,6.995699027200544,18.441730562119545,82.52044050598346,15.05663964020323,91.30845681971212,20.605956314575508,76.6199312318214,76.80025401182982,35.326975318470716,56.42592629526344,1.1291599545288324,1.1288856064453414,-95.86653907267171,-107.31284495567421,-13.346098566688275,-92.25620531547095,108.75835850822342,-28.034624154578992,-36.06190761821664,7.2923511638917295,20.36401867704681
2,0.0669552669552669,0.7428481112854968,18.156498106766833,84.54678511783317,14.513254811048796,97.61128378484479,18.72054967115332,75.53294980970101,76.0660746765376,30.442300839306938,50.854068268135705,-1.3948215010808622,1.1012684799026407,-92.13766961236635,-107.05522962686419,-7.590884494533203,-92.54197481581537,108.23234638317335,-29.669218469676988,-35.19644981043111,0.7730823696299491,15.657618457704594
3,0.1004329004329004,-8.379541318678832,17.76997163819172,85.577434034406,14.44590572739645,101.9354759462475,18.95914499980816,73.79665715719591,76.04474140831611,34.46385074340603,50.995389228441354,-7.692737649831756,0.9141677435250268,-89.31319633115294,-106.85580389466669,-3.735762296746966,-92.40989816727024,108.52014070503644,-31.874581085798546,-35.3243017587623,2.589269657607495,15.67108746967903
4,0.1339105339105339,-15.27117633321022,17.600806707536833,84.04320894560038,15.158315551157898,101.74677855386287,20.224638336911653,69.74092489060874,76.51422017630486,43.79456422129533,52.51888050765051,-13.484627592691155,0.7696993687235638,-88.21345125948092,-106.83110733881328,-4.1702423138805065,-91.67279178765538,108.90722549615522,-36.17609597713464,-35.3832099482622,7.6184682441607,17.1356705593883
5,0.1673881673881674,-14.383328590583815,17.52973905225882,79.28613839943506,17.63179321464611,100.68813125517717,24.22658942407685,71.6792733075264,76.44416800768366,48.7750195782242,58.29765285439598,-10.23280984380821,0.6336627012049331,-85.84948125322438,-106.89607635105389,-6.5633428537893375,-89.2642831364078,110.3711733347256,-35.572200801440125,-37.046704552801025,13.202818776784076,21.25094830159496
6,0.2008658008658009,-18.069014619015363,16.88778549052988,65.47797850438144,20.208164072716272,94.26282165003786,29.62083066714513,72.73973833746692,78.56174332922922,48.66571609722476,62.02082534483067,-8.830925539792975,0.19549535819356137,-80.76191092077762,-106.69229013233631,-15.283932416396201,-86.48412605962005,112.82585539659962,-36.80701572896715,-37.543213397535965,11.8587003682576,24.47761194729469
7,0.2343434343434343,6.950155180551377,15.473043560659434,47.831908256674296,19.75547002040878,81.39225429467214,32.49868507155392,71.44173088978205,79.42508450332973,55.32305498182534,68.57645236122933,18.051169378181893,0.1586676275477625,-78.8989858023695,-105.31437593311166,-31.067077545695224,-85.55890591270288,115.25846141231207,-41.017600950585326,-38.63250648092708,14.305454031240014,29.943945880302262
8,0.2678210678210678,8.12148207043036,15.826253078134627,34.84125712034091,21.896680427614683,70.19146528356256,36.2036118631454,74.73986550445181,79.45396406503475,57.60435374409336,75.40834718253524,17.807842314397806,0.2228682457717044,-80.31363975603257,-105.60338483236292,-45.47238263569165,-83.70670440474824,117.78708209357393,-40.9239824148024,-40.45635220285885,16.680371329290956,34.9519949796764
9,0.3012987012987013,3.8874263847204986,17.05689699305431,26.31741856726859,24.36973060262028,46.4881602171553,38.55433566276898,73.4305927357151,78.16537781710616,64.33187398547159,83.43252859421773,-2.840765350063275,0.35265258707626623,-96.72819173478379,-106.70424440597805,-70.41077316751523,-82.33451380335774,118.89389142539864,-43.468340648955476,-42.72347164902055,20.863533336516134,40.70905694519717
10,0.3347763347763348,11.852066721042377,18.120996156737164,34.37464438474774,26.5263781058502,38.1705362413085,39.482561057289075,77.25057688118102,78.00682815442764,58.69265371472228,84.77001370854524,-12.785183209611334,-0.3283869333309331,-114.63724993065371,-108.44938309006811,-80.26260554590594,-81.9230049842179,119.91935391436073,-41.18256490603343,-43.39873788707934,17.51008880868888,41.3712758214659
11,0.3682539682539683,11.894471706639592,18.643843823801134,50.37587534975813,26.354365840725052,31.532243002877124,39.241166156204315,65.91999140108025,77.68802535499172,64.95614256501818,85.65236499573608,-35.09484628298865,-0.33298729207013333,-136.98931798962823,-108.97683111587128,-86.61344263987014,-82.62246527514624,120.00465853704893,-52.225694241667014,-44.175606076358854,12.730448323351188,41.47675891937724
12,0.4017316017316018,-35.73177531680949,18.37525019598742,44.50419752907203,23.642881170616477,14.062471133531005,34.62544441991005,68.04041618508612,76.35932512040812,59.54336535956584,80.98708467797533,-92.16081570049593,-0.545650291745599,-146.42904038368647,-108.92090048773301,-101.92484285461441,-85.27801931711656,117.94538886258601,-47.946897803059294,-43.54413861661849,11.596467556506559,37.44294606135685
13,0.4352092352092352,-20.872198497355413,19.387539487101407,50.49494037314571,21.56206992910677,2.8727114707001817,29.431689328192874,67.7804250008827,75.03565457809913,57.87280030760401,73.83872146579672,-92.36439510973595,-0.09147737231735963,-161.49219661238055,-109.47901685941876,-110.99725623923482,-87.91694693031201,115.60930198421994,-46.08954270905231,-42.31298168040576,11.783257598551707,31.525739785390964
14,0.4686868686868687,-30.222340801042662,20.134329575657233,61.15301436661855,21.328808622950532,0.6922794709989546,27.56065911415226,67.18204007533329,74.58592098827441,54.45755827893562,66.79974142294935,-113.8677331229533,0.10913147802727784,-173.64539232191063,-110.02519809762997,-112.49237795529204,-88.69638947467948,114.72085300756137,-46.00261735095773,-41.67112760055733,8.454940927977903,25.128613822392026
15,0.5021645021645023,-22.73602234215906,20.355781326993338,73.64029911517615,19.381439515042928,3.983763073273309,24.906034968593843,66.95585448819546,72.20616611019291,54.21567739739554,62.428695947407235,-115.31248626208993,0.6302247817791315,177.42353608006914,-109.72555654521422,-108.93616480475472,-90.34411703017132,114.08503993839662,-45.964073389832606,-43.04398588857228,8.251604007562923,19.384710058834965
16,0.5356421356421357,-22.007902398639246,18.73829497882656,88.38465002594491,15.41301199213558,13.253467482349208,22.126143680497222,67.01045167812414,71.0675599347094,52.0867628158104,59.908703645915466,-119.70840516840916,0.6650899668385486,172.2994972302301,-108.07320501198802,-99.31585274382502,-92.66019301985243,113.67782846326193,-45.55886854805009,-43.718776765640236,6.527894267760332,16.18992688027526
17,0.5691197691197691,-22.503462773070794,18.153396634208548,93.94839443081804,14.494678426402231,17.778311213996318,21.099079273968727,67.29258065002512,70.09859638760366,48.27739607214443,56.551832527515444,-121.04778145522262,0.43833475627653756,171.4556813178482,-107.71506187793202,-94.59592425133377,-93.22038345152978,113.3468490954143,-45.081654815305,-44.22086633789484,3.195741256839447,12.330966189620606
18,0.6025974025974027,-12.776494236124421,17.365598839142834,89.98192928552426,13.940794370811261,18.894051455417127,20.280493759499166,65.89662067695602,70.27435002300035,44.17092436430684,51.5420860558317,-105.25977083538373,-0.24064178046342344,177.5167234007407,-107.60624061960627,-92.50134731373504,-93.66544624879502,112.67066938872317,-45.498778092196154,-43.671589985293814,-1.3278537278893268,7.870496070537913
19,0.6360750360750361,-3.2446590824563373,17.909145336254312,94.5059862662668,15.66959653291292,26.306667086587197,21.44698045500607,53.27237552538724,71.23318247874349,53.95759680240968,46.5386867112185,-90.70949216427805,-0.34121556184994895,-177.4648330818217,-108.25036089810425,-82.95884681555492,-92.58076436519136,111.64662936116976,-55.99313837675486,-42.794562341453926,-2.0355415743451393,3.744124369764578
20,0.6695526695526697,14.950442438575493,17.859650169505343,98.4258977636348,15.827771241135792,37.462011627572025,21.761649960075772,58.88966973825163,72.20405866512353,44.5084355607554,45.15700156534143,-62.26583142873065,-0.3929752862117343,-167.21627386730614,-108.25262545571708,-68.79037610367132,-92.42485421458127,110.21944595295022,-47.362717992991755,-41.982445509533534,-2.85428243223634,3.1745560558078907
21,0.7030303030303031,34.57551967925342,17.088244792080715,92.90368726405802,14.316030668431836,46.01113138169012,20.39786189642882,63.18324781559593,72.21170827681013,42.17167945496519,51.489399214770515,-27.69112686419949,-0.5271083919792581,-152.2666465434529,-107.61535318406,-59.362959279394914,-93.29932251562815,109.53563753657102,-42.19084284548913,-41.48547613524687,-0.019163390523925943,10.003923079523641
22,0.7365079365079366,21.26237879764048,15.650502167566032,79.70140113420075,11.381393733395782,53.87703274102337,18.486649193313582,56.5333473306236,73.03613115464452,50.24012940234891,51.1862830591555,-19.08861751958946,-0.8157892401778652,-130.35099631722994,-106.46629140774388,-50.64959518302923,-95.08489767434813,109.04908739585716,-47.99328059342901,-40.53541571301717,2.246848808919907,10.650867346138343
23,0.7699855699855701,4.69524816446328,14.484916180519875,72.97534811665497,8.253800527049293,62.84147787155071,16.47634902493496,54.50002767643634,73.6691829588626,54.48780654475874,54.28811127752006,-19.505878430040962,-0.8072788493585179,-114.20112659450425,-105.29219502987839,-41.22577847784926,-97.03839450282912,108.79099993858205,-49.56722867296362,-39.845560568901504,4.920577871795123,14.442550708618542
24,0.8034632034632035,-3.021869130640823,13.961952206205112,71.46176281993394,6.3969536370394735,72.07974707773292,15.502564407637209,38.07905302373273,73.144595038108,98.19849188831175,56.671946246082385,-15.985335364943298,-0.7993785960923062,-102.96346623430247,-104.76133080229742,-31.501703414368507,-98.36437716525798,108.72419603249831,-65.5023974683687,-40.72234653478722,32.69609441994305,15.949599711295164
25,0.836940836940837,-8.31386037625451,13.553813364043123,73.13981356128181,6.082091593764403,79.80563124022474,15.737098006627036,53.89433076793265,74.37792749285151,79.99063527975943,58.05096528859379,-15.064178078705057,-0.9021356476557579,-96.75031770245053,-104.45594901169889,-23.610504141168736,-98.37385741793449,108.7635454029775,-49.52180461346082,-39.73302793171002,30.468830666298622,18.31793735688377
26,0.8704184704184705,4.778558090636139,12.46345107990642,74.62224789832703,5.066642447067977,86.29062524822005,14.880075849831343,66.78493005556304,75.3645305534697,51.13940919503199,57.709034628480524,2.907222021807983,-1.6090431780787855,-91.87133606882816,-104.07249425798521,-17.24908817050109,-99.00585181091724,108.71282053973488,-36.754783363158104,-38.521397107278894,14.384625831873919,19.18763752120165
27,0.903896103896104,5.210046920763446,12.876611362564333,81.1331122631085,5.0259905483619605,93.44011310940456,14.864743105403562,69.34656741427187,75.83825252810475,43.54164632909365,58.438073219000145,3.5113993302994353,-1.0316331554944531,-91.698647590464,-103.9082445180588,-10.565535327355558,-98.8822539696968,108.87632275593026,-34.65908102248825,-37.908744546995656,8.882565306605416,20.5293286720045
28,0.9373737373737374,-4.802363670906047,13.154249976295304,84.50070999862498,6.483905656654997,99.3209951970146,16.12099377617608,67.26088308777987,75.35598773871826,50.44608372873293,62.359036116641775,-4.99290369582639,-1.2094599505228538,-90.19054002492035,-104.36370992681816,-5.6898300262954,-97.87980427016313,109.50581163482461,-37.74994213553014,-38.644810307620965,12.69614159320283,23.714225809020803
29,0.970851370851371,-12.819431594420536,13.085001116054102,85.53852208472642,7.709152738326111,100.15207705699213,17.018412685963852,65.26959157775872,74.86839056773992,55.26852864790867,66.32441762489664,-13.461310537895399,-1.6233113087013866,-90.64187894347488,-104.7083124247555,-5.103356858748438,-96.99915968642938,109.63650314406692,-39.98584233798186,-39.14918180465333,15.282686309926804,27.175235820243305
30,1.0043290043290043,-16.92716388860194,13.741270850469576,82.57219240495283,9.089021741627903,100.28982714975666,18.63689948337631,63.41286210658654,73.36013502607517,59.31358737838747,71.67552755278773,-15.202230094688682,-1.350333353457338,-88.27506620608676,-105.09160420392692,-5.70287380113394,-96.00258246229909,110.316091448283,-42.57983884430406,-41.279346919600215,16.733748534083425,30.39618063318752
31,1.037806637806638,-19.202733526454395,14.124014735454068,75.53713497791557,10.961617694621282,96.65517282464567,20.94193193536239,58.0181144587733,72.42238818515514,72.19650509699302,73.01238202167403,-15.071053165969241,-1.5357408558768326,-85.86831963951484,-105.65975559133092,-10.331184661599277,-94.69813789670964,111.31321365915849,-48.96824302747165,-43.217681646916894,23.22826206952137,29.794700374757152
32,1.0712842712842714,-16.346157304515586,14.732588303186091,71.16544583378891,12.994596419436448,96.506515404439,24.378215839234684,60.21478224155241,72.48921631364092,69.81624256528681,78.94803921263943,-8.54047020180246,-1.2415715440420487,-82.19431289728688,-105.97415984722815,-11.028867063497994,-92.9795634277917,112.44658086748169,-47.32060022638458,-44.86856295338547,22.495642338902236,34.079476259253966
33,1.1047619047619048,-0.7074478582374724,15.601250105645846,56.46577881802722,15.579776105189694,86.04351909806414,28.391169590129067,64.94631323865481,72.58709013930057,64.40649019884688,81.83574930648784,8.658289096061557,-0.6978173392652627,-80.63426304570096,-106.29906744491112,-24.168484227673726,-90.71929133972144,114.6612321277942,-45.26569008708305,-46.52337079054995,19.140800111763852,35.312378515937894
34,1.1382395382395385,12.948844354664203,17.03146873936656,40.42733099929194,20.1518048931091,71.12378559728106,33.4775525880722,67.71806426985941,73.5880099199049,63.51149869950345,83.2587413775064,20.35519076519413,-0.18688461702133477,-82.59365358947007,-107.2183533563879,-42.16632259017813,-87.06654846327879,116.91710461940508,-45.572043917599785,-46.956091131446065,17.93945478190367,36.302650246060324
35,1.171717171717172,14.714737979535855,19.715239667596563,39.71810535024048,29.723458620093197,49.66002118340083,40.61751725615014,69.94594948209856,74.10874264103846,66.1617301165536,86.8904062757308,-1.283727551729244,-0.9211221663528893,-105.9984655312651,-110.63636183394945,-66.28036018102462,-80.91290321385624,118.73540091721593,-45.9944318823269,-47.42167782896792,20.1672982342267,39.4687284467629
36,1.2051948051948054,15.596810897739331,22.06389098257543,36.795332817213705,32.21347322779462,39.308522200954826,42.08855869841372,70.49739320511252,74.37233429232498,69.29444973087269,89.39747185816464,-9.920447144650169,-0.04472014186645184,-115.5172580423895,-112.1086111244419,-78.72192522517581,-79.89513789664726,120.00707201059583,-47.533054221018155,-47.61136230273601,21.761395509854538,41.78610955542861
37,1.2386724386724388,1.6037031610473491,21.053014525304576,54.31886756228016,30.584568443330795,31.608321792336795,39.23732555312131,71.68650178279866,73.20935371563785,62.04641317091756,86.91406749633191,-49.36146332927519,-1.04632332691834,-140.96516649032256,-112.0993378522229,-86.64629892804243,-81.51476940889209,119.50335784119633,-46.5681189375806,-47.54274124637558,15.478294233336978,39.37132624995636
38,1.2721500721500725,-17.362122134076202,23.831468206202885,40.50795006102504,27.625935741791352,10.885121533666165,34.66715228806271,72.12801922225067,72.33714363490743,59.309447630772766,84.83296159285483,-73.20122399564195,2.187594387650449,-145.83910186156578,-111.64387381855245,-105.33115180054074,-84.01793807676111,117.45068184951536,-44.08825411195624,-46.34794672991639,15.221193518816527,38.48501486293845
39,1.3056277056277057,-23.693187917726064,22.17503736446635,38.03361984356144,26.057280587191826,-4.054162394011712,31.011193855350314,68.93332245192549,70.86684877582498,54.95610724505751,83.01987311136378,-89.02020941374796,0.4447468507368661,-155.3270214960219,-111.7302905137295,-117.2934016524605,-85.67300992653765,114.96172152016837,-44.305916806523314,-45.81735500606296,10.650190438534217,37.20251810530083
40,1.3391053391053394,-24.31269677089601,22.471197761930455,48.610913029477615,25.546671639768135,-7.822045030244624,29.839063734033886,37.446264366815846,69.92493532076244,66.36435953939505,80.2355680692566,-102.85781770931877,0.7177591539559801,-168.54512093842274,-111.75343860797447,-119.93420790894517,-86.20676696820634,114.0789967904704,-74.66589851188469,-46.1208953814778,-8.301538972489638,34.11467268777879
41,1.3725829725829728,-20.64806065695454,22.78717206366575,61.5922629534881,24.951301128561454,-6.20430317720141,29.001682165929907,57.06052373053143,67.72017186333248,52.28198947373444,80.50519008582907,-110.63659375038392,1.2286957034560813,-179.98853309342937,-111.55847636020967,-118.39627013994132,-86.60717523164817,113.90041218015901,-55.13144323220848,-47.888685534245624,-2.8494537584740436,32.616504551583446
42,1.4060606060606062,-23.417044151727666,19.893557467611558,71.37666930180244,18.22138982702438,-2.3234320689910533,24.960725949572065,55.1124771742746,64.95694368555414,58.596287883050465,82.33767115762966,-118.84713982717362,1.4804445268520772,174.56990432455407,-108.41311294075948,-114.0534263736435,-90.19172311373511,113.44122168397982,-56.61751713037784,-50.19550537775306,1.9787707526726208,32.14216577987661
43,1.4395382395382397,-25.24186057316446,17.034427954212703,82.74342769732445,10.446098681747571,6.410015408927677,20.344372488356925,55.71752943487075,63.65984580737361,59.37168109949005,80.13758254256867,-123.28253000956819,2.182745466665044,171.9593305635963,-104.85168248754766,-105.29724173907927,-94.4055838058001,113.228606721082,-55.98972771313622,-51.09011048678341,3.381953386353848,29.047472055785246
44,1.4730158730158731,-15.663172195062572,15.113346540524219,87.69296890658228,6.6320649977593575,9.023588971738576,17.790926614725947,52.27946407826477,62.86544101178583,62.355200996676615,78.50022086893837,-115.34584412798225,1.839502883549239,170.31732806708033,-103.273843656975,-101.9897030263374,-96.64177865921565,112.72299863600878,-58.7338279198112,-51.567264262155746,3.6213730768654186,26.932956606782632
45,1.5064935064935066,-9.263579907677112,14.754761550181158,91.2552281223871,6.187438908673016,17.077001894255886,16.85682883371433,46.321245060635434,62.113901948028655,67.3272107566465,77.38994494263474,-103.5461330870645,1.333436183986076,175.71744682061262,-103.4213253661951,-93.02732505700031,-97.23388645752208,112.0975211212463,-63.78308189062078,-51.97681334320776,3.5441288660257126,25.413131599427
46,1.5399711399711402,0.391787648155443,15.74685210358291,88.30697370353306,7.1190262300707445,21.986152541562774,17.09189277937483,40.58330096984448,61.99801325854588,70.46477227099325,77.30723072692719,-84.57839571364804,1.7312777907992354,-174.9701833618035,-104.01557431278368,-86.66320965827042,-96.89654808271295,111.3189015309605,-68.06606122998872,-51.99042760354191,2.3987110410045345,25.316803123385274
47,1.5734487734487737,13.23709997815348,16.687476723443524,77.42774294728355,7.292945803699695,26.33048281196244,16.42471423635604,40.47619165800074,62.241277497140935,68.41789980074188,77.57699200935195,-53.10934343606074,2.066482287571557,-156.34644341421424,-104.62099443587198,-78.9187004669307,-97.32804863217223,109.50097307371072,-64.77299162089244,-51.511485371387344,3.6449081798494407,26.065506637964624
48,1.606926406926407,20.41048122384619,14.818484136583649,74.88984396592275,5.643928777069505,34.79669992841863,15.212675847143629,40.28815853973272,61.126410791697914,68.24475343251365,76.35469067712361,-33.435756873228065,0.8933491272551006,-143.84623809707426,-103.92513500932854,-68.95639413115146,-98.28120623225907,108.6234880694864,-63.4649355198374,-52.36747128770479,4.779817912676263,23.98721938941882
49,1.6404040404040403,17.124208603863835,12.138139112705574,72.22028073913464,2.1539710018280402,42.86977351223777,13.304991034590529,39.355003616264526,60.531156150055764,68.43103494861458,73.67800722063885,-24.938327457491166,0.2604005067291479,-132.06253606135502,-101.87773860597642,-59.84225532222041,-99.72376760414835,107.87039373659853,-63.357025218193655,-52.49760248868312,5.074009730420924,21.180404731955726
50,1.673881673881674,16.800627774336945,12.775920812648636,67.61902970324127,0.19383179618353097,52.895764137133796,11.407551639057942,41.71030870840452,61.05527365024288,66.0157971620821,71.7591090976716,-10.290099947940229,1.897506317125862,-117.0907277222772,-100.87841449552279,-49.47169801903591,-100.68458269933923,107.22979824728345,-60.6571534477652,-51.036860688154306,5.358643714316903,20.722248409517288
51,1.7073593073593076,9.617668723832551,11.467221800097036,61.41303188585266,-1.1655639107744946,61.53279240404768,10.135765255606344,43.67104634171329,61.00856844954816,64.22496219648042,73.40848212153956,-2.3112585985847667,1.1841615977794844,-101.92892732241731,-100.28306020231756,-40.51589543656463,-101.44862411309207,106.81653860465536,-58.377641498899024,-50.57582091915025,5.847320697581405,22.832661202389307
52,1.740836940836941,6.269079201139547,12.791314118987444,67.18072166767814,-1.1650386950590246,71.67883197157771,10.037860288073915,43.335339447359765,60.68444817672654,64.58597759642448,75.98600869596636,-0.9803700437709497,2.6346340123401255,-97.24944924491051,-100.15668010664733,-30.068727577232366,-101.32171880170633,106.55356931929515,-58.41222010145032,-50.675130913053685,6.17375749497416,25.310877782912694
53,1.7743145743145745,7.811128628748847,12.993585069025329,71.73924979140543,0.7427713047691782,80.11036236382172,11.225169906624814,42.82938136754256,60.51649015133834,66.69709198076816,82.99854610487085,4.410731880032281,1.9605963418271593,-93.40039674871659,-101.03298872719817,-21.661146957311136,-100.290217422429,106.64344832509335,-58.9421279535903,-50.99889717771549,7.754964027177859,31.99964892715538
54,1.807792207792208,16.571006711005012,13.579150931610656,76.45455467124941,2.8524647992153405,85.28017877879249,12.91652633102538,38.75494105420019,60.33915581175038,71.91233065606039,91.19884832828927,13.50613702385579,1.7324606949998373,-93.06486968714924,-101.84669023661081,-16.610315015899815,-98.99422543739547,106.90062278155659,-63.13555274049212,-51.57159595667048,8.776777915568262,39.6272523716188
55,1.8412698412698412,11.573057113175878,13.188167437365237,76.52043821779671,4.248212813188388,89.51462374341108,14.19410957989146,40.07388775699367,60.95311872989813,71.57116202557557,97.10992087796696,12.41932971497509,0.90600811062136,-89.1537273982008,-102.28215932674388,-12.633289180404041,-98.03394651355548,107.18798450863105,-62.07402516682146,-51.27493736354884,9.497136858754116,45.83498351441815
56,1.8747474747474748,8.949503699355944,13.149274747047585,75.61614912254925,5.732559717735626,90.03182327455524,15.903929891953595,42.2174131701019,61.76020896106221,70.8846316044802,95.64552427912875,10.958574767460687,0.42451594787462615,-87.99092893189527,-102.72475879917299,-12.374779809346085,-96.9921990814374,107.65136602864617,-60.189189913799424,-51.1359200123288,10.695441690680799,44.50960426679996
57,1.9082251082251085,3.6122379173460644,12.661006577523835,70.18453531185583,7.169440791384261,87.9479323053777,18.120922546486838,44.70395426301718,63.13940944634108,71.49176829385642,97.17381289524978,8.443692459984533,-0.27164534900873044,-85.16854545736153,-102.93265192653256,-14.9840101455057,-95.76321113514831,108.40803806625928,-58.22798818786623,-50.74472423529408,13.263780105990193,46.4290886599557
58,1.941702741702742,6.137665170560808,12.683978123375525,70.52959357251916,8.91662572131122,87.3581713914315,20.11515036600332,51.01622273521497,64.54483256725058,66.17261330527907,98.44079214497792,9.247308363140139,-0.6563700363690155,-86.89035680742069,-103.34034815974454,-16.360763234901533,-94.4237224384333,109.12890371538484,-52.70271189111808,-49.994040237186056,13.469901414161,48.44675190779185
59,1.9751803751803756,20.393574925844703,13.070076079827487,64.40276904767495,12.20538029807642,79.06683993344218,22.596504642465305,54.28938553773108,64.8460923380917,65.48190043912133,98.95000563186667,20.201816221247192,-1.5790251837987614,-90.19175870459752,-104.64910126362626,-25.78898965692252,-92.44372096554986,109.94802759918994,-50.566444052633635,-50.19413326992347,14.915456386487714,48.75587236194322
60,2.008658008658009,20.412512202257005,13.481797205804554,61.93875673886578,14.443100730132528,76.86722527948623,23.556755935644816,54.808523484120414,64.56510760685934,66.65279700124641,101.8935506192593,19.969124647492688,-2.159482528336133,-90.44338755476433,-105.6412797341407,-28.504630815898558,-91.19817900400817,110.06339551751888,-50.56333261126438,-50.18982733279363,16.08946438998204,51.703723286465696
61,2.0421356421356425,6.23379026212892,8.690569608339075,45.62065110174103,52.98765269874775,47.88874116566956,44.123163517720286,48.97647442115135,63.15723083654756,75.69092842001031,94.04052088498008,-8.45911946835731,-24.09446357442195,-104.69290973048622,-122.78503318276103,-59.07225862874514,-69.79738048401327,110.44077189807412,-57.984525373263345,-50.763313165185984,17.706403046746964,43.2772077197941
62,2.075613275613276,5.521931272710319,-5.993443795937679,38.32900559519362,71.74241134208876,24.702994045587843,53.504489437820396,50.617991026216124,58.289881119138336,71.15660742570857,84.38833780734794,-25.890012853735797,-44.713704078998916,-121.41194412644612,-128.72026028306124,-83.08293853125247,-56.97784894097251,109.13413547781661,-57.16794155062421,-52.19245725965459,13.988665875084374,32.19588054769334
63,2.1090909090909093,-18.45919320833545,2.961980661817975,27.692405041319944,76.6798796977804,3.3505647841052735,62.13633939341757,50.26557126609123,54.8531718485686,72.41578137102991,72.161591658717,-59.714079668540826,-28.303053937757888,-131.25488646020537,-121.26503459957587,-103.56248141888545,-44.58515490179547,106.81727024910191,-56.64747493689953,-51.86832244664445,15.76830643413037,20.293269212072563
64,2.142568542568543,-38.61481480838691,10.807695621119294,39.5101038610926,76.2715183329417,-3.4280248631266375,71.19421619656742,48.72038939526475,52.900266779838404,74.61535088688373,68.13270988127354,-97.19477965819829,-9.387336971002819,-148.5799648498114,-110.1950325921221,-109.06986098871879,-33.923514259180386,105.37978329066999,-56.9214467303274,-52.217463675909414,17.693904156556325,15.915246205364136
65,2.176046176046176,-35.104447465127535,8.305441565033405,73.65739465976662,56.83409097033507,4.432640933024572,63.85861011514778,49.17579784565272,54.18252887214594,71.72019142789202,65.8154144881289,-119.75813549236389,0.8591468749971317,-174.65368802723637,-97.44629469003628,-100.99629336746973,-40.61220371970122,104.94987406767166,-56.2531364548416,-50.288284962703074,15.467054973050404,15.52712952542583
66,2.2095238095238097,-34.07916756966674,6.516839560133278,100.31680258338017,46.12487091107607,15.932865130717943,51.46420384528497,46.10340003280328,52.20611474725374,72.45800021411868,63.02589985070557,-133.37164932608582,-1.3281381586757315,170.70751824358095,-97.84497771880902,-88.9756791730389,-51.720106807732954,104.0464274783874,-58.80514427095357,-50.978195905764224,13.652855943165127,12.047703944941352
67,2.243001443001443,-19.45348463675488,15.15753783842743,115.95471545988407,48.09855308114879,30.91695516263877,35.92034404683346,46.329402736557974,55.29632015213343,70.57073070751397,60.88922777468885,-118.25845256029561,-10.486550903569889,171.19503207645928,-115.64408874199732,-72.85025246365667,-67.54553566084856,103.61654366698872,-57.43780488973746,-48.169559555548574,13.13292581777652,12.719668219140287
68,2.2764790764790765,12.05978294361556,10.756734308322592,124.58980813347273,28.390707684141944,51.61170690780571,5.794569455352502,43.86838915403489,59.09657643652137,69.27138032666699,58.183349765845534,-70.45062766109032,-25.65797988880451,-172.5104106047059,-126.4147141971271,-47.92060247123314,-98.02400651298521,101.67544267368827,-55.66392022500394,-44.72199953181635,13.607460101663044,13.461350234029192
69,2.30995670995671,-9.700630753986275,-11.475839258331703,104.72836262631813,20.605473339800938,66.86817260298922,-13.554990468158024,45.38433248963382,59.063736628132304,58.98270738948756,58.90690787951864,-52.7395502789622,-59.06481851236667,-133.03891952497594,-137.58897925403497,-28.310556898657826,-116.98350591423404,99.30362247386154,-49.79439701201322,-44.36477881794372,9.188310377474327,14.542129061574949
70,2.343434343434344,17.334566035178156,-7.99863008317412,80.19755650576991,54.219297268527896,68.79524938847021,-10.9166250109962,43.6506284500308,59.40235086850921,54.73761099526591,60.21726101767963,2.596424771514205,-87.21239995073032,-104.73814126366395,-169.21376986755618,-24.540584757894013,-114.99447259902828,98.70684086719817,-49.685205696333426,-44.67549671952288,5.052405298932481,15.541764298156776
71,2.3769119769119773,13.166070804772701,-33.94864035148423,59.422460538826044,90.37457207355807,60.353345777316676,-3.9205621713903724,46.35810815831483,52.369824563515024,53.647054226272374,71.81038159545452,10.096105942803172,-142.68786150626343,-93.06996486196954,161.2607788452208,-33.64750432314352,-108.36464908122113,99.22246850514549,-47.64274194214539,-52.07426234631575,6.004312284126991,19.73611924913877
72,2.4103896103896107,3.9962294782612133,-17.701749419429518,24.12359190861912,115.87240447977628,29.95147097506006,10.491658252246111,48.0313077794147,38.9475908637263,54.03171265410381,86.7968591594363,4.170600516073161,-136.04080440300396,-89.82562896218805,151.66094501642556,-65.70203705356892,-92.46665050379816,99.30590839233662,-47.622200249214266,-64.01071789231798,6.409512404889569,22.78614126711831
73,2.443867243867244,2.1088183064316297,-21.710903492333998,37.76256569006216,130.88549324788843,20.221419184718542,26.408102234328055,20.541153412004142,10.148646354255531,87.62861793360483,106.21379331753486,-22.853794021207847,-136.22021927324235,-114.96261232763946,155.49068421909166,-77.20004663757732,-73.62382253301992,98.72669529482194,-76.88031241029174,-89.88327841309247,10.748305523313105,16.330514904442406
74,2.4773448773448776,8.907284706465873,-12.091437421472037,23.130634503740623,137.08905858312264,-0.49330750489457387,47.9951446093321,28.14507313972294,-14.535545069817097,94.94737234279422,108.32738030437802,-28.531357461674517,-106.77219216041185,-127.43864216814039,175.3192452610602,-104.30800766439977,-47.59169615581719,99.70077046232723,-75.66962701978227,-110.12238583496637,19.27774532301198,-1.7950055305883306
75,2.510822510822511,-8.151836970343552,0.7362009807083325,18.26988321671456,113.89940208424815,-13.758276052881143,67.48304326029168,34.37174419567461,-30.630266579324903,92.62075994947166,105.54713691733511,-55.679962369978185,-49.659104128012686,-137.52812539963463,-140.39530510872103,-119.2582421829201,-26.495903024472867,99.73945620740176,-71.12822193436438,-124.60921286408946,21.49253801510729,-19.062075946754355
76,2.5443001443001445,-30.065830123802286,2.037100973840708,55.27573475736756,80.47966382130443,-11.400756184086788,65.62025671412684,40.00084951165598,-24.55422293060721,89.985641700026,75.27711993161401,-112.98163538699552,-15.082590497113168,-172.91580526319325,-107.1196914709539,-117.64007050582576,-26.640027649649475,99.24979934275765,-66.238464810083,-116.81450729438353,23.747176889943002,-41.537387362769515
77,2.577777777777778,-26.871664323884588,2.9766384489585676,92.32474033040451,57.32330120946892,-2.123708501173013,59.665990268198996,42.710490754205956,-10.256476795095995,89.55370787374356,53.7691714787307,-138.9962912639039,0.1296506043075708,157.87537305998066,-92.84698784465101,-109.79988660961484,-35.52368663518214,101.43292750591152,-64.96568735423591,-105.44615369847716,24.58802051950766,-51.67698221974646
78,2.6112554112554114,-9.522015209238958,8.826851779475845,110.95273068473153,55.63275898444948,1.8075751079339852,40.12911131081762,45.75462149485923,-11.562988852803109,83.05571867584516,69.66326025429615,-132.88426179879247,-10.533433484189022,146.6377534104465,-109.36028526366486,-102.40951590482199,-53.727526279215375,99.03686430139447,-58.462469517896736,-105.4196264428361,24.59324915794841,-35.75636618853994
79,2.644733044733045,122.69451364410023,18.41299408328024,104.45316190488475,48.231856605801624,23.019786145573846,18.22779562333824,42.40117383581168,14.91799203747818,82.33625003030608,61.40769408229529,30.23616466590417,-19.183270405547418,177.54165102180397,-127.59626448882766,-78.0051870733113,-79.36440788302603,99.30858836262469,-58.62379938307345,-82.67421146888607,23.712450647232647,-21.26651738659079
80,2.6782106782106787,39.6984909501975,-1.7607812669176894,128.59768951695924,26.345489154995846,44.91510783937744,-8.952375108109038,35.64277387306072,28.758639748828095,82.72018137144686,87.50308720481527,-48.563334868085064,-47.3331296075142,-178.26182581828257,-135.57234834059653,-49.664136301323325,-109.22685918560067,97.42686410909621,-58.93647026764006,-71.51584432866356,23.783711103806805,15.9872428761517
81,2.711688311688312,32.43334756666782,-3.7736525906208414,126.0571549380694,23.62979747880763,44.6558756777942,-10.505371838987998,33.043929301924514,30.614723063006053,84.33594824729217,97.54994743162163,-51.74789508566663,-48.86160082928145,-174.18124265233445,-135.08794823866063,-48.12408771426508,-111.45815075985303,96.86637115646218,-59.7360340901348,-70.338055857859,24.599914157157365,27.21189157376264
82,2.7451659451659456,0.4828408601760117,-32.15120393930684,60.92874570218953,63.390942473625344,59.70579785375929,-13.690157036375268,35.32881351937232,28.668140925774086,81.36901871662911,81.31683398073,-4.739808772580984,-123.30218007768794,-95.222649632757,178.84902386161892,-34.29390393056745,-117.76003366475572,99.03478920635362,-58.67088826495444,-75.40173570260639,22.69813045167466,5.9150982781236205
83,2.778643578643579,5.035900418153844,-46.8338450120456,46.715482354977894,97.7823991233415,52.01339524590462,-3.5022453286703694,37.78057048498879,25.86162909276824,74.20634931363668,22.976908123875916,7.254880032688127,-162.74495934190446,-87.78102038546574,154.08888567014114,-41.06553803048781,-108.12871520651736,98.85270157711972,-55.29836279140364,-78.76484078507876,18.907986522233042,-55.78793266120284
84,2.8121212121212125,-66.0565306027535,13.439964457870929,124.96140563819208,18.717946547705594,23.40453764663991,20.814600857885267,41.820991255437974,5.807474998886461,73.50303242568077,14.528608511818106,-173.00066842792688,2.340075936949479,163.05586217482661,-101.09988852092145,-71.98273218698132,-82.38194197321586,99.29190633236121,-53.566278578183294,-97.38906783221468,19.936753847497496,-82.86045932039659
85,2.845598845598846,-18.695706426635667,24.323087566022636,48.97375987641931,129.3966988344906,21.174005563796214,38.5732179873776,39.86148424625205,-14.146907986692074,82.28415653195079,28.04898882567622,-54.42079753441077,-74.23718023196773,-125.72509110777513,171.43973220200965,-76.75133123135579,-59.16356896349976,97.83106187301468,-58.06385254889995,-111.88369493756944,24.220303983050844,-83.83470611189324
86,2.87907647907648,-12.89865441869334,-4.593576267936356,42.94310253451357,119.36815442818204,4.050163739339837,54.853774347603036,37.65866160064403,-32.38289994161827,87.3705752860903,36.409308815075576,-60.912147334932314,-71.51593024762454,-138.01349291623896,-156.92235397968818,-95.07039038172539,-37.55419955150613,95.7642640100872,-61.4618925204212,-124.79087384072746,25.908682765669095,-88.38156502565188
87,2.912554112554113,-28.203308311969536,5.400810359354011,36.43574580483721,97.87936661303007,-13.075385430951712,71.00604095214675,35.562695519141684,-33.6080553931239,89.462798479008,39.68514002503423,-85.79661866419107,-20.2582925669019,-147.59331035222155,-115.65910292625591,-111.15756454738435,-17.7797363132258,93.4339781909026,-62.519483597290964,-122.39383265849645,26.94331488171703,-82.70869263346223
88,2.9460317460317462,-33.50497509294543,-5.56552653492875,60.70138942238691,64.69380546921684,-9.21542869896416,62.889731004333356,27.499429082129403,-24.910401476180482,97.05569564429308,37.47390450314862,-110.28605174510984,-7.143835420031197,-166.78107665216444,-91.57830888510246,-106.07968722977758,-26.88450341588568,93.31924647551622,-69.364829448684,-114.68463589639951,27.690866195609097,-77.21073139325088
89,2.97950937950938,-30.242675678953532,-0.039798581366142116,82.45427036920765,56.40744339173352,-3.7310205970054255,57.54310062916812,21.299056166153555,-13.68352116451884,98.02711074036138,37.67541829652734,-122.4187223004742,0.029355260809173663,177.82395337847933,-89.93084615782469,-99.72177625231302,-33.52340276609122,93.52862952528348,-74.69169948915406,-104.75002455977818,23.33541125120734,-67.07460626325084
90,3.012987012987013,-139.98075900500626,-181.8447633375086,-116.78305471964995,-49.60214572067946,-26.191756455032703,-38.402428805011226,-12.695956955298021,-5.117453610175756,-100.9464734710217,-47.672653175281255,-44.22372957238159,-167.93835668061817,5.757029432624674,-76.0935933431096,-111.02602528702529,-125.69573906378903,86.0637895453852,-97.53022578729062,-92.41076386895358,161.5233007416877,-140.08341704423484
91,3.046464646464647,19.331352022455107,17.203689490356794,128.39495809968207,47.40836893950444,43.564798668630345,12.881715025797604,-10.019828166229866,19.38924952491401,104.58908780969998,64.59388501780676,-65.10453920219705,-21.566832752049788,-174.43589122465218,-128.7705222424066,-46.040933124970095,-81.36215330290217,91.92480006115014,-99.62555995983033,-74.85461880378578,4.96352784986965,-10.260733785979038
92,3.0799422799422804,-2.401267185735918,-4.994269002599282,109.28456284483951,22.771756499026765,65.20996485652556,-18.459961983505252,-16.977834096355895,21.83487261020703,125.5111051411574,104.62922588031374,-42.30988799151215,-50.995882736797846,-129.90862080577625,-136.0016137341986,-20.624057960936714,-113.22985723517183,90.30195903456442,-102.81185691381819,-72.93502264145953,22.699248227339222,31.69420323885422
93,3.113419913419914,-9.392005587420314,-37.37612475678226,87.86723226940927,41.51533014341072,62.69908277095206,-22.510249963972,-39.704908675707266,22.53367601768993,69.68975115152082,114.08826148639731,-26.379103558524587,-107.19853383120389,-106.98709797110429,-159.82240907442164,-19.119865701694984,-118.30707893101092,88.80788871984298,-121.52385714835431,-73.26315294934899,-51.83410599683347,40.825108537048315
94,3.1468975468975477,-19.48924438137405,-43.861562260408846,61.558880266364326,76.7089515875344,51.83252500026239,-15.733281410665654,-33.07811333528036,14.569410582279684,57.431211676201244,85.45683046893714,-20.514582026694782,-142.35188015040302,-91.02533764532072,171.50968211000585,-29.466457378956402,-111.78136630245976,88.67353363550646,-114.37709571449915,-81.47867430951445,-56.94588403829792,3.9781561594227015
95,3.1803751803751807,1.0291600843382582,-8.646402321151541,43.03356306846638,105.13409204984104,38.52021557237816,-11.90663184397826,-17.246749398735112,10.136094858579725,44.447821521987834,48.536802423737015,1.1835634722580146,-130.45997958368187,-89.84559661208026,148.18642273746966,-46.81203354361393,-106.6794852126893,90.05255124235157,-102.5789985147272,-84.63675851013133,-58.131176992739334,-36.099956086394315
96,3.213852813852814,-5.769916612823323,16.3187125606769,18.575862298315315,142.06319530188074,15.179227416586286,9.64820080504441,-8.713281406637467,-7.9282099445039,18.4158391049925,25.277261938785784,-6.854945226757307,-119.31523452041571,-91.08502861393399,134.3660529189074,-72.50916631561861,-83.57075177921189,90.4536731582306,-96.40167513884238,-101.1471625287602,-77.98583603384988,-75.86990058997443
97,3.247330447330448,-7.951738589758207,-5.0564222133481,56.44875795389726,30.963056843551783,22.044653388247355,-3.5270984933649174,-10.244353282222713,-27.68830468686734,20.625469405101,28.328429182475645,-43.47538578718564,-41.53549617251854,-125.52364719742744,-126.47907395917045,-69.07488924353018,-95.51601711561868,91.55423062701567,-101.36389591400027,-119.67722330912113,-80.73842650889924,-91.34879412664549
98,3.280808080808081,-23.839396552949964,-14.851981101651845,44.83779990417486,103.40241503145148,-10.735791895296387,63.48632159656857,-28.293480648220864,-51.00108124866342,20.030563835715554,46.23872425303969,-80.12828234818885,-52.55584579332892,-146.2888857952389,-127.7038646916771,-101.45108589106404,-24.301449660225586,89.25153262628089,-119.0087746439885,-138.78885250545758,-98.9782108082729,-92.55012825241786
99,3.3142857142857145,-21.055625423418917,-15.227212791480554,57.16585396860319,86.0832780523312,-19.380420632444753,62.309129579790294,-12.072409668593021,-49.84938707040538,56.43038973393054,44.21824732729175,-97.46569109665472,-36.243312925339374,-166.4100656732358,-111.01610013385883,-109.24421170463259,-24.932822081527643,88.5528713667529,-101.93620074078088,-137.0913387317233,-45.50581100685035,-92.87309140443158
100,3.347763347763348,-18.58245718357034,-7.265137651973404,94.36478639675374,54.6025692375847,-5.111999554179533,52.801184587968834,-8.215930544744616,-42.11311083404321,52.82103203875921,46.12044802659105,-120.33734463158984,-8.295450290260552,168.2451125519805,-91.03031263828714,-97.39010105126575,-36.427743400702425,90.75351474287875,-100.49403204183086,-131.34203882271447,-47.67300000307165,-85.22159079612342
101,3.3812409812409814,6.591857162984056,-0.6039764958745764,117.48804603051111,36.82737772641008,6.348819389093535,31.037016744973982,-4.088301182356543,-20.36257059408202,30.57522056991627,48.78627504728735,-107.33228735856785,-7.109015794911771,156.0758554784481,-96.50503929903721,-86.4360984910408,-59.67766157262716,91.74979809886776,-96.87321906249089,-111.07724891168317,-66.29799849257462,-62.290973864395845
102,3.4147186147186157,148.96601976589142,-31.551882578607433,108.03035951585659,30.635481991533936,12.783588967263029,23.475723872348055,-12.820034925486425,5.890955810926117,74.11829076682983,66.05312385177633,51.247866989535794,-43.89294009651064,172.28184722364438,-102.34105751790322,-79.68779326049903,-71.70557552636927,93.82634081323968,-105.2914171532485,-89.2903435877912,-31.173126386418662,-23.237219736014854
103,3.4481962481962487,-5.3067053978534915,3.598009499285496,103.93604033261624,48.19028402788035,55.00062375685597,5.733725391070465,-34.675628130008924,12.136312228202298,28.822927957663666,87.7489007939582,-54.08595033791548,-46.01114448774378,-138.779244940062,-139.60915398702926,-34.84320460744576,-91.41886995914892,93.49821185726056,-124.51945649431065,-85.0162831220171,-95.69652853664697,2.732617671941123
104,3.481673881673882,-24.495056888287948,-15.851941872572525,94.28096126293872,32.51566188449749,68.1163991849999,-15.892314498374276,-49.88889025737687,17.242628528711446,46.85197825619295,102.22326541362753,-44.729349533923774,-69.66213254800923,-110.23429264563583,-143.8101906754367,-15.953331382697094,-111.29452879093921,89.73597243013097,-133.95862082507387,-78.15958576385349,-87.10664256888089,24.06367964977406
105,3.515151515151516,-26.42700401577565,-35.52379597444289,70.74342946728461,63.37173677208011,58.524514784104426,-6.283939429017238,-45.463625330281104,14.26369288403479,44.625348480729684,70.10672306815181,-30.939116435038514,-112.32283421981735,-94.51211241926289,-166.79903824537448,-23.768682951978278,-103.42730147329436,89.71827989017993,-127.75682306636382,-82.87966916024236,-83.13147458563414,-12.772946092090548
106,3.548629148629149,-32.945435897331166,-24.221947377701582,30.156519439731483,91.94332255261489,30.37214036827521,-0.510535222520474,-23.116754460973212,9.27275934744307,36.165718131137425,45.226503678820535,-25.916113691489883,-124.02162405469984,-82.97067779415873,170.20032332300175,-52.81415835442726,-97.85635412438337,90.2660588122827,-106.30305318367569,-88.07305955441984,-70.13733505253826,-42.846555875599286
107,3.5821067821067825,9.015283641193989,-18.23054594439685,25.19510834665948,121.54669953090963,21.033051108533442,15.62939058615001,0.602464973887979,6.337122235905017,10.909068419158132,7.2873460409063,9.88433866077675,-130.26753693423066,-89.13094498041725,157.96300901016622,-63.935836633757745,-80.49029145892416,90.54428489368271,-84.36642276840324,-89.78255980916919,-73.45735434924508,-82.49521376826289
108,3.615584415584416,-19.73941403125194,1.9534386705456797,26.040194977043598,105.8643181963713,8.662387736288167,33.33264026815809,0.25895822781564964,-16.09106920348934,15.852850376270624,17.528457673218867,-36.64189970613636,-76.71410880615512,-106.90248567488442,-168.6675474767008,-80.86229069784079,-62.803229280329504,92.83027399130827,-89.26572020631332,-112.22693875197693,-73.41286983004268,-94.69848107875806
109,3.649062049062049,-16.306899222633348,3.1446686799959735,30.836834551186598,122.2020675853442,-5.93760921746204,67.77841014331251,-9.350739651824835,-45.07485746136808,29.061530220664537,40.198185980025926,-55.92892798469979,-52.409046041162796,-129.62202876206646,-145.55371472115877,-98.78519421087987,-23.35164713581462,91.98882113627249,-102.19832464524266,-136.20491474049524,-73.13679442457811,-96.00672876046929
110,3.682539682539683,-34.79911078829301,-8.877903895067831,32.26688865564893,87.25249545727746,-15.61701319837718,72.61969097974328,-26.371079661797726,-57.69447998125697,33.660064797475,50.459341888028916,-83.71567965189196,-19.79153498972442,-138.91656886359897,-100.91363109465661,-106.64968020795004,-13.66113563737917,88.65674681334765,-117.40374667137057,-143.97530659837943,-83.74368187389557,-93.51596471035049
111,3.716017316017316,-39.79293271666046,-19.241933623195848,73.21776780435619,70.851256482998,-10.34951389771578,64.77766423338532,-24.09681836809403,-48.87574670138414,48.2133964752862,45.38836388981147,-122.61845040043727,-22.278079735355412,-172.8255176837768,-93.03614611215959,-99.60774987942065,-22.18488962916155,88.11039492212588,-113.3550543497989,-135.83830056393103,-65.14165787451267,-90.44993667411954
112,3.7494949494949497,-133.71127305876632,-178.06955051634725,-84.85356062128926,-57.30519799494829,5.184324143046325,-42.2315344693489,14.509224460511543,35.27819692394874,-30.061146768111968,-45.78500732906744,-43.810638435210436,-165.39712824893383,-0.09936537644412768,-77.3275777325866,-84.9529259977334,-134.63277572753492,91.26924569948288,-75.6280256802682,-57.12304433423728,-105.68917244838013,-102.9080516633047
113,3.782972582972584,12.355870712367576,8.092017887131462,113.55276985891832,35.73640180810958,10.058154745097681,23.29672113784747,-0.6475582306757441,-11.645871589245981,31.71446382910031,52.04007759359391,-91.60240247678054,-2.2492125494320625,166.04172681085188,-100.34123043656352,-80.40550333022979,-64.60482862845394,89.18260392081446,-91.11121630600323,-99.54742135554741,-59.39675247690294,-47.507343761953486
114,3.816450216450217,13.496981069652094,13.501901930690792,32.81803599511642,31.21902883247145,12.400530777633634,7.534737686363371,-27.705114997466183,10.039019291692906,20.59000257935432,66.55154151936534,-4.67394093431382,-11.883898055460293,-108.17092200396593,-115.38579998615108,-75.35288600884954,-84.16677115367963,89.72746281326309,-115.45853178394937,-81.6624895483501,-94.86852920459503,-15.110948028984767
115,3.8499278499278495,19.98866243825819,2.5306882877334544,66.92748867923103,36.41215881573805,40.00150518791935,-11.365838647695455,-45.33303722112209,18.24631922798783,35.776948503520146,88.51762973937701,-0.06763414472088519,-46.75102452576942,-110.05629658297907,-139.28171281350288,-43.128807903748026,-102.86955399776483,87.31701422086836,-128.46335031278946,-73.25739612208153,-92.6864018092693,15.260233617295487
116,3.883405483405484,-19.746703714900022,-43.93437728831549,48.34241069385257,71.64269095650064,44.87939196741863,-7.474834860552733,-39.61391851976489,10.037865041365853,40.86433351972812,79.99317225421876,-16.5062085785307,-127.38580134418886,-86.75950486363067,-173.45142405587336,-38.4170941697781,-101.8087330993727,88.81519218800837,-122.91040465696162,-84.29603319745414,-82.0460711372335,-4.3028609432353555
117,3.916883116883117,-153.90215510313692,-147.3307435705658,-35.14557688460309,-103.12628936577403,-35.9387570457327,0.24974336166542344,11.11432353101811,-5.568240790123848,-29.94312597834758,-22.41506195932695,-160.1328702949117,-39.172836916239675,-96.23071519177479,18.157906654326126,-131.37629207637787,-84.96838271144789,90.32783055187923,-84.32321149962704,-90.78636686323718,-114.26633747797462,-113.20142882256413
118,3.950360750360751,10.599599332529635,-24.37411529656916,53.1283071467584,125.40323035805346,35.584159936250245,17.163417259142847,-5.386429596769635,-8.380900191814275,22.05168824760679,18.566752835305664,-5.083664093845635,-137.32881845764857,-105.68326342637528,157.0452968389206,-52.55495627961695,-77.55147280302597,91.42700313901801,-93.52554581263685,-103.09579025398308,-71.47385756503003,-84.52903741867743
119,3.983838383838384,-10.366006245225066,-8.983265651432987,26.274264221242674,115.9930820912861,7.14033761249047,22.34614282913148,-0.4561126205473675,-26.082236380943055,94.22615030199054,31.401072935902732,-33.08843920065671,-105.60863353557922,-112.72243295543166,173.37463211585379,-86.44816873418903,-70.6322857928601,93.28346748433553,-94.04461896722685,-119.06066500293464,0.18153133476370703,-87.6595920670319
120,4.017316017316018,-20.052577133963027,2.098232315559983,33.384983411809515,114.59053555225802,-5.924693958167126,69.09656694730067,10.45435403066275,-42.639379163854564,113.19634096216508,42.31767436162062,-62.88347936841781,-43.34925089697792,-132.83090223445478,-135.44748321253792,-99.44591882264527,-20.856947660279904,91.73736973602936,-83.0668708338154,-132.59289377143514,30.129470128349688,-90.27521940981451
121,4.050793650793652,-24.154488288127666,2.169659532528172,48.07449894133049,88.66966141543458,-10.694397572866421,70.90859912601049,4.388278926383323,-43.111999247626606,94.53597560307122,45.88588705751329,-85.23427221710911,-13.634551648396215,-151.07978392898144,-105.8042111809244,-103.00528498765095,-17.13454976548986,90.17701815314244,-87.92260848840121,-131.15514813912696,6.613367114670018,-85.26926108161364
122,4.084271284271285,-35.97907169178295,2.143997995768018,82.8450475464445,75.81834494728355,-1.6759706305954012,59.74360971713851,-4.460430523283658,-30.927937791693424,21.517028610392288,37.160671451153036,-122.51862362583435,-11.941708140588338,-176.5395519340514,-104.08570613635636,-93.69450438760688,-28.267361189072833,90.01475233161142,-96.47896428029513,-118.93890869790478,-74.96193566990286,-81.77823724675173
123,4.117748917748918,-25.703820551399787,5.220992436067206,103.69553556223372,60.36995371215107,4.122601031052227,46.30226322038473,-1.8793669317443815,-11.449258656744039,21.357271854461516,36.99044187937517,-127.41000210048934,-7.5614669401721315,168.29381845091044,-102.78245937623934,-88.01064598685585,-42.41250566408829,90.42400795119055,-94.01261394965243,-100.16402754121708,-72.65534209519089,-63.17358566184193
124,4.151226551226552,23.26309383028378,3.8700580795566566,106.33735326732834,35.62249464109391,12.457672373878637,25.009679169290393,-16.48425875071114,6.860535917152657,20.640184776244666,55.30442897818297,-71.77023274752658,-8.724731532803446,174.96667342218964,-102.59478961236012,-78.69597331048205,-66.97229497126617,91.56780991245864,-107.63790443507185,-85.12143822340391,-86.99771965882718,-29.817009245220934
125,4.184704184704185,-5.544314612765788,22.82190026312891,111.11558401091787,39.13192173928269,55.02598179663353,-0.4648373852763541,-39.19255186446833,18.361438156717774,27.350489491580987,86.20670861280186,-58.24621404284011,-19.546998673479617,-142.70189943007432,-132.36889893660856,-31.58631541915647,-93.23697719732591,89.69221851391978,-125.80484908025835,-74.41070165533178,-98.45435958867738,11.796006957470086
126,4.218181818181819,-23.187454972016155,-14.590200879618891,99.91489599590318,29.16576777066291,69.91375161971601,-17.566116423379498,-59.19686397683142,23.242711749467496,48.833110766006854,122.80966587067789,-44.06594562442472,-65.41104821975837,-110.87849065240859,-140.8208473401395,-10.963594656505403,-111.65507956947658,87.48315471115924,-140.07421025305283,-70.84625139662958,-91.241099487046,51.963414474048314
127,4.251659451659452,-20.380218106674022,-2.704878572758446,74.90666018521517,50.64806832355123,56.03401835357897,-14.218801707226902,-60.000094777800754,17.1709046146155,53.938812585937654,120.95880735284622,-27.667971116640516,-72.81940442295824,-97.28775300996651,-160.11452585019978,-22.381092824751384,-109.46645752664851,86.831383498876,-138.4152059561311,-78.07675120480614,-84.47639337019348,42.88205614804009
128,4.285137085137086,-14.42915103355223,-34.86226515856312,55.398200380316496,94.10465627763296,48.575371981380044,1.3954333924905598,-43.652864199066016,12.84509458920528,30.135185781933416,113.48721520397696,-11.38601651955013,-135.054955019173,-86.95686548599792,169.8073101393901,-31.558665105681413,-96.08803358297695,88.80875203126448,-123.78690128612747,-84.63837238626222,-93.65171550419404,28.848842817714743
129,4.318614718614719,0.37109585147220514,-15.914593309989172,15.078809305304503,117.56807125601979,21.044885269332752,8.02617054103493,-6.8294342988009715,-3.764289408135298,16.032213969326904,28.347704609267765,10.693443203264646,-132.28971230081424,-79.67765264820756,153.62488100917497,-64.59884334290304,-88.80704773480525,91.238473444038,-92.47316291103674,-100.5975076839755,-76.44094894170983,-72.2498030747077
130,4.3520923520923525,11.112126124160113,71.53408141335319,37.12907818592839,109.25960813003655,19.185106208259185,18.416360857321706,0.7796884291406815,-16.348769917604244,77.43490887308397,26.646099035961896,-6.7590394185631295,-24.41098567600931,-107.87116554272325,174.05493291063752,-70.74208735679487,-76.68545895932593,92.51450669085084,-89.14750513591335,-111.45058973425188,-11.712596262829363,-84.80449069829
131,4.385569985569986,12.612140772372399,11.772881677302664,36.405314838562845,116.0612359827075,4.996331014340001,59.01174070420437,20.790711736330906,-36.26923932088236,116.74335675976997,39.441726985326255,-25.403644309397837,-47.83151748076089,-128.01578508177025,-149.60439915806356,-91.61047024320744,-33.54316317535607,94.58085256855395,-75.81608952121654,-128.82414320044282,40.92726723855343,-89.38241621511658
132,4.419047619047619,-5.792012745106035,5.712222486520886,33.191829244157816,115.32072489283672,-10.325160733358132,76.87248106027428,9.62381285697543,-43.53814729356974,107.69305125082577,46.31780042689846,-54.5437359964834,-33.825879663142885,-138.75172325137737,-129.53810214966376,-105.5598940072196,-14.21737725682702,93.16229579548138,-85.61092041688605,-134.62800561067104,22.082130833939747,-88.3102051837726
133,4.452525252525253,-39.35510784617341,14.914692094850736,59.52114005674389,116.46766824033381,-10.257679279902561,69.89369542839756,1.074371951527527,-34.4395660763928,85.67386563369502,42.62571371735737,-113.43794845522537,-32.0875028985223,-164.08284060905197,-137.00219499337305,-104.56170055230811,-20.534526753039238,92.36612172692118,-93.22964932087802,-124.8677882578296,-7.555783687182992,-82.24207454047222
134,4.486002886002886,-38.72611972042827,-0.028033548148854948,100.69940138469205,62.294060051667316,7.158902928796266,60.612513786171775,6.999884875783781,-19.537891841014076,19.78384205965787,47.08112675550248,-137.34192699153263,-3.5725171153922552,171.38419272889564,-93.5444835672434,-87.9164058864123,-31.250423515576077,93.46912305847822,-88.0754239394248,-111.40082914276192,-68.29158187976694,-64.31970238725944
135,4.51948051948052,16.0199975858244,-1.8553006226304518,119.05760985237939,25.087923139230554,12.489129106099199,28.428497972059716,7.238170925271279,4.262387812368487,61.37115922503209,58.174993734300244,-95.21933888238766,-1.8040345872140862,158.76066353178794,-89.94873396458364,-82.18172661583266,-64.86081082535308,93.98008225967234,-87.43268479666058,-89.02692098504433,-26.06152557162849,-30.851927250744087
136,4.552958152958153,-20.578768339219693,9.055901484960827,138.9864078486661,39.021768712796074,37.86385176032567,18.312306200176522,-29.46108517453682,23.563147475870622,32.32736144289939,84.2181611175452,-123.52599692173062,-18.30909027081819,167.05277141748908,-117.36499175577902,-53.960820733844855,-78.34322304298297,94.24010086866501,-121.28575766870735,-73.09238176728887,-88.95839622580795,11.125779350256336
137,4.5864357864357865,-17.366503507809767,9.571389923440677,120.49118737856827,41.18129598479459,60.87490425779025,2.742824924304415,-56.13918529657119,29.588799163449952,46.63154665388433,131.6157913652341,-73.4664154032375,-38.32648953679469,-146.09991189542774,-137.89787946023537,-25.60872451685945,-96.71658347544077,92.97151858719745,-142.62281407122092,-69.87060923629524,-95.99126741733657,61.74518212893886
138,4.61991341991342,-2.369932705258094,-19.8102746020472,97.20799644505792,30.906457643926274,71.58032789742768,-16.50054147293801,-68.3224623883003,27.353773152199363,55.52895442190139,137.96299313247374,-21.25188835254805,-76.73734244649134,-108.88195564728996,-146.92706784444414,-11.673959202232092,-116.02061020051786,91.38717791361984,-151.57674948796006,-72.16629557538052,-96.04779506605867,65.79669755709324
139,4.653391053391054,-19.212232124361492,-38.21082844490297,71.46238803567655,66.37140476226261,62.65098922241009,-6.796125322484471,-56.91380305784323,20.080486631170682,51.30247736526195,121.29532810712223,-21.85729762329397,-121.93989115713438,-92.64506549893248,-173.7290627122314,-21.182677463255892,-107.35765794996885,92.19759965657518,-140.7474697435092,-80.4810459963137,-89.44499237824726,40.81428211080855
140,4.686868686868688,1.664099367894508,-34.540426337173315,52.24198015484279,105.94409075960559,48.28032167182937,7.54238436564745,-35.227201547812044,3.7577887208390446,71.82371926272108,52.146137158936625,2.729528683091061,-143.70942492784056,-88.93457068480345,160.83100140933277,-36.69259052996066,-93.22490783106167,92.8701021992496,-120.20011374960208,-97.0095034758701,-48.37639448688099,-44.86336631693346
141,4.720346320346321,176.80188538219073,-150.33703180976835,-15.864370463086516,-121.97537218634747,-26.695234003097255,-13.932828133916217,-8.256973430446383,6.808727485435938,-60.86212472640031,-21.043741912798225,164.79946981233735,-33.10135526628088,-102.00241556985338,27.235676543487468,-117.86678603293987,-94.73969564286,85.9892097693932,-99.428525460289,-73.99814002350784,-160.29065018668928,-95.04188193630607
142,4.753823953823955,17.606841141605287,-10.136187565198867,15.010423034003225,141.12082256596773,2.118982077032399,47.258501530111005,15.251224106925896,-25.804708277092164,92.40649333388744,26.542138491138587,-0.040622748716370685,-108.56391239732731,-107.64746389032165,171.57227516787157,-92.6370408563184,-47.306902266160726,94.66071336481127,-79.50479882642492,-120.3701120733639,12.901694507462528,-93.82797358222531
143,4.787301587301588,-5.400895744207332,2.0366261044367064,29.781313663029493,125.0039936848778,-4.351245719735289,70.12089188023255,19.40325087816643,-45.906630935984026,114.6426515523388,41.67228106902277,-46.988957030198925,-55.9421768082049,-131.58806128599159,-147.9788029126416,-101.80674762296209,-22.974809227763814,95.27560150561158,-78.05225102506039,-139.0023320439804,36.590400527278426,-97.3300509749576
144,4.8207792207792215,-30.914905578546524,-3.099486191453394,33.22973459526531,98.3032892354172,-16.245411969501987,75.0353322930318,7.962529074104228,-43.830486147556336,104.20993426775114,40.65864414315001,-86.285621105879,-24.830258833968145,-145.3707155273325,-111.73077264251474,-112.14098093206717,-13.427483407097517,92.17919233134725,-87.93303988846097,-132.29330184768565,16.276894379290166,-91.63465770453563
145,4.854256854256855,-33.26826228778373,-8.786902184691698,68.42994274038381,70.68577710329896,-11.299623012775726,66.3554160107473,-8.685243090461974,-34.54336341761906,28.582798546301092,42.2008437113017,-117.42936610253656,-13.305761054712132,-174.16110381475283,-94.51885887002044,-105.73116107436904,-23.833081766721467,92.31001791953106,-103.1167811520553,-124.73186119508786,-74.5339826057542,-82.53101748378614
146,4.887734487734488,-32.6778606370429,2.3142221077251435,105.78753608847062,57.58912819287559,6.548494238199368,54.67125545271391,-2.23432194404102,-19.62379914534762,27.012287261096958,54.76337961942062,-138.78239377648515,-3.755778168017142,163.89546686055778,-96.07000027574229,-90.31699705097164,-38.48087208286673,95.00880941237583,-99.09981323321205,-112.77592668092824,-72.08752597211507,-58.01254706150764
147,4.921212121212122,-19.562410529448016,0.9817188967129624,122.52175643067238,33.418708590678534,25.71985778152259,30.799481273757607,5.054504110814636,5.714119273960236,38.07611005810429,70.48977585597349,-123.3013812655267,-6.089101849971672,166.26102926392133,-97.07082074668465,-71.21721430540629,-63.65211215600607,95.69433275834626,-91.88256797611425,-88.73747415580343,-53.80645791800995,-18.247698299829935
148,4.954689754689755,30.840627064447162,15.765053202309687,131.93221133372367,47.593459752403305,51.46471618527397,15.394928751235057,-38.02371964891352,25.96052019649843,25.20300015017864,104.16449220527271,-49.38366190491511,-24.724913166842605,-170.22428896936228,-130.48996636915228,-38.29207763563868,-82.89650661674904,94.02411459444838,-127.78051346982618,-72.33091517148566,-102.57751331964755,31.83357703378705
149,4.988167388167389,4.157014072895407,-7.498332621627085,118.13796638061564,27.4397611932701,69.04861254810997,-9.053796396681065,-65.4288483776789,30.364181745804476,52.323284844204636,130.5910453809946,-42.07637686196528,-54.4373176696191,-136.2333909348607,-136.93898504799202,-18.095424554245096,-109.49922385472192,93.79473228019796,-152.572885480034,-70.08124571223637,-100.24960063582934,60.509799668758205
150,5.021645021645022,-6.0550309154360775,-29.48513897406636,92.71472519389306,30.95134128844427,71.00638692330132,-16.666186132654843,-73.30732912090376,28.338779524565002,57.99726221691286,134.97509210386193,-21.26293524193862,-88.04213496780135,-105.20790432650257,-148.556995993735,-12.493179132609509,-117.60565470529073,92.21951731427336,-156.8068951768146,-72.60068904807088,-98.80963295990173,62.374403055791056
151,5.055122655122656,-12.480667390761226,-34.11541394263854,63.62450407408153,70.85475562260783,61.53208071568439,-9.417679973987447,-71.39866195046105,18.067183820445276,71.58329588060225,124.72760721215627,-7.553932964890686,-125.50001425177982,-85.07326557412946,178.61539969085874,-21.448761500047983,-110.52984468653347,92.04650346413922,-154.37950416619344,-83.04498089210077,-82.79620828559119,41.68262632005552
152,5.088600288600289,12.357786015353696,12.429437230662359,51.48931470417648,106.28563257765515,47.70281241356673,3.739994567437776,-39.652617365238584,8.296529783225148,75.10787808217329,18.55699282357969,11.000198850161993,-101.40632356189688,-91.35758716519172,156.16423920744077,-39.868272461015245,-97.55012821490409,94.43060382846193,-127.22370223982055,-92.99359299911673,-52.115824157647246,-74.43660017553701
153,5.1220779220779225,6.730911801882414,-18.020271294976837,32.2470353132714,132.1124841551912,27.74145114865516,16.563921216499125,-2.0387704261863093,-4.014748698892745,49.11406999493951,12.601836163782849,1.8780948078088568,-144.08791489396222,-94.85281699407356,143.93235640101463,-62.6057816808022,-83.95515944379419,95.43315674487536,-92.38600325564367,-104.53382935918609,-43.27193326070414,-91.93199319540321
154,5.155555555555556,0.9611670448340419,-22.712705660554633,22.301162557973953,138.60557913260615,4.530374170699986,46.565512133155636,12.317223888424234,-22.30410511149251,98.99719745738368,17.767432952609596,-23.73078845304791,-120.61815022506981,-114.69195549788195,172.09455543548484,-92.39079293990805,-49.299865431909005,96.39327233783638,-84.60394322218384,-118.16948267655718,14.393254235199839,-100.40204972394757
155,5.189033189033189,-14.555054692804518,14.789396012711663,23.591764034847074,134.9384055694028,-9.906388356552554,66.56521611449811,17.97136716932007,-43.11611179983017,129.67155242218425,37.31329436467183,-56.860149090908386,-57.10437353214407,-132.30509439810388,-161.89376954485573,-108.71333036325682,-26.95536397545294,96.16376104832767,-80.8355748373842,-136.63669188978125,48.835977584800055,-99.3233975251094
156,5.222510822510823,-31.037253309860972,5.021381911043093,33.203543272421996,98.17035021029852,-14.638489033188648,72.52749261236285,13.34974061214679,-39.844307436057896,116.13596014619792,38.386500357477274,-89.71192867949618,-21.084681804553487,-148.67467536963522,-116.10606371559659,-115.47113209721324,-17.93571350529806,95.64792459084276,-87.48290245187782,-130.30751355371882,28.653057694320108,-91.92101319624153
157,5.255988455988456,-3.92992544392186,-1.9504911026764944,67.92194728893696,68.80652541912389,-10.943489800434321,66.96014354789789,13.093416189562149,-30.27490009677924,-2.7093761789521693,37.17584994662698,-92.28758663005756,-6.628695372634591,-178.3576611861357,-94.6782042699581,-110.43571389719867,-25.871678850834204,96.16202324774821,-86.3988079072022,-123.10672249551132,-89.10818408615437,-85.93087254888435
158,5.28946608946609,-28.502804741557412,10.492168755032338,98.62445754411148,67.27628979507398,1.959924688434569,57.470702289499854,6.110718744749706,-22.02674946652096,14.866109359401747,61.1534016677296,-135.38255748687413,-3.431533224810472,163.12024725468328,-103.92370197984282,-98.25529520120526,-36.64741218476882,97.16666718195427,-94.10450114489012,-116.14486394078965,-79.23839178548837,-54.99146227306006
159,5.322943722943723,32.440630798188046,7.446449105208671,121.66114237907091,34.473369887042054,26.174191955315052,26.547400964512633,6.1867465333350955,8.246222087555626,57.712786708086384,69.36667956078969,-72.74009552044551,-7.301076640349997,164.81927368136644,-104.74752574555868,-73.51958393956265,-70.27415585851666,98.25766635895349,-93.5070293615426,-88.57533473547366,-35.794242653456216,-19.208655174683948
160,5.356421356421357,-5.1863348437778996,10.713965519044365,137.07731021153228,42.54980256661281,41.656106009108555,12.560821046764062,-42.83309152963998,28.36691926212924,34.05060166726855,94.72974713452567,-103.3340587511578,-28.836916703002586,171.85227609262012,-129.55088222204694,-51.07041369584762,-87.00107965543417,96.1442102035772,-135.55961123459613,-71.194981440069,-101.5090095673276,23.534765694456684
161,5.389898989898991,4.570108151638564,-17.1388754404269,131.1548671258086,34.880315903815415,61.99564801799872,-4.838404247538904,-66.17964000639219,28.36384620977522,52.5551696482692,130.901230643499,-63.56770506546023,-67.35998651556837,-158.1378132170988,-140.22111107514147,-26.98294609129018,-105.34079517132606,94.74049251653804,-155.1582341156811,-72.13854471401196,-102.6030644674119,58.762685929487034
162,5.423376623376624,-1.2760165180590235,-26.973993506164078,98.89282416300262,32.80043081711915,69.02530439759894,-15.50206917747073,-74.36508017453441,27.870328244297802,58.9333104386173,133.95313603471362,-25.46137429766959,-87.0830216861266,-114.18535777961057,-150.10902817996256,-15.292533616607916,-117.30859736284341,93.06218309978976,-158.68291818874127,-73.93619994107488,-99.74960775012397,60.01693609363876
163,5.456854256854258,-8.255363055275097,-32.6113299907214,60.1471325934786,67.96463565304259,57.831690758553265,-9.647785054774943,-67.90499013328002,18.992891206319843,63.81734641871124,118.54475370885135,-5.2818172079162435,-122.16292672867434,-87.02645415264116,-179.55159673795293,-26.879321559162523,-111.58696108491039,93.3250941739256,-152.6160024509958,-82.9462848238156,-88.79865603228455,35.59846888503575
164,5.490331890331891,147.4070735191728,7.675519885890893,75.51315477782873,15.881787629030555,13.982211695897178,35.15709125012276,-38.9591985899739,4.552138408697972,63.305719402086766,33.9854384337911,89.2618365802518,17.06591148802187,-148.145236938921,-80.60960839786904,-72.63208216109227,-64.7278207688385,93.24960293797537,-125.57349244696337,-95.33277361026329,-62.2677730448766,-61.34733517647219
165,5.523809523809525,3.2732977061057795,-47.31996446048649,29.148476920941334,113.3482183150444,20.47945065344436,30.629768774787436,-15.234868318463018,-9.435388210732414,34.2901926595994,28.10749051124327,-8.888625487305674,-138.24488150876525,-102.16192319341145,179.07508295172127,-73.01344627247015,-67.57669873323432,95.84968221696813,-108.72776524437751,-107.64185571875419,-74.43757258477808,-79.5343652075109
166,5.557287157287158,19.18888024688941,-35.50803280912078,23.793906482836633,120.83913174512566,10.028340297901678,48.991888737504695,7.52485175906819,-22.599309589874995,91.03506040244004,23.84254768335552,-3.4633915948766534,-114.33559862679114,-112.65227184176608,-168.82756581767035,-88.85836535892948,-47.988434072544734,97.9335142334403,-91.36185389776298,-119.57963239992444,-0.3267934953229558,-95.73708471656892
167,5.590764790764792,-0.782885777978592,-5.134871933420442,36.21768585692962,130.8106657437803,3.8687624475119264,64.72351334681753,23.889829375737104,-48.03469686968062,120.08162273508145,44.86239923737412,-44.50254231079794,-75.8813233985961,-133.71965653281936,-160.74645146517568,-97.50197067588977,-29.93578572139534,98.01501609580728,-77.4809037476646,-142.6939959378935,42.60071898741686,-97.83159670051938
168,5.624242424242425,-2.1008401048967187,17.30630932089538,30.462697857175158,107.89253610855076,-13.347903262056661,73.82471308455843,23.6077108293122,-59.67893525357203,122.15218297476736,57.48891645039026,-56.958583101539375,-17.685175585945572,-144.85774299664266,-124.99148490684095,-114.39504513946748,-17.098948798290213,95.98540188012973,-77.43943104809863,-150.60259713642066,44.71275192666873,-93.11368068603039
169,5.657720057720058,-20.16636773891325,5.173197938097701,53.644269255446034,84.73619292194417,-17.250548127627383,71.59976370527723,11.938400542130054,-50.31628517975105,109.96989248585533,58.051317563697836,-99.1259001648359,-7.7189343569789255,-168.95953242592267,-102.89213229507664,-115.31526317047664,-18.155939373132483,93.91020906062948,-86.12631450071918,-140.0719882581608,23.843577985136157,-82.02067069446292
170,5.691197691197692,-25.445820388056603,4.251582024156463,82.43545464504132,68.26857589005152,-11.279836458402798,68.70828144952482,-165.01794028285576,-30.061281862562286,19.416171994641786,28.113085037585904,-125.55209508397348,3.607171913455833,169.89372530408312,-90.64441011070065,-107.67082005087558,-22.37583422064914,93.73754963132336,98.59107612467147,-121.14539753273623,118.00724811931322,-93.03231249515032
171,5.724675324675325,32.99904747464046,-5.624603885401484,104.28816071402254,48.03003855380558,-2.234236260472983,48.19564586471719,-2.2873118937908137,-8.826427388349993,20.837806016729417,68.655837349173,-79.24385094722594,-9.42010044046235,157.7571015781336,-93.79549655506086,-97.95473770784388,-45.765458001255325,94.8408026566717,-98.0078133411617,-102.78753125432252,-77.17000732443225,-34.13169390514951
172,5.758152958152959,25.788770542347166,12.767952163339785,123.69676091906209,49.34664655043923,21.75391910385042,29.40252535065727,-27.821662360849608,21.19172397105188,29.534031810773513,75.4964957265389,-79.57322978268665,-13.491181198634846,164.63799967496618,-116.25913336197463,-71.66523940597172,-66.91248681153535,94.86708533600739,-121.24082087067175,-75.12328819114074,-91.70678905989824,0.3732075353981441
173,5.791630591630592,8.865055564435536,13.6947578520453,138.431866744572,46.10140332155436,50.87075579741685,8.394745704884116,-48.76807180399371,42.18798427978674,39.15888868968952,107.92178772506807,-77.66015162063813,-33.1361779962205,-176.52520718507367,-136.83093584826582,-38.093340440501684,-90.72953252671145,94.04418723475706,-137.73216804191225,-56.93629395180885,-98.57327935222271,50.985493773259236
174,5.825108225108226,-6.104222555260151,-36.63023684787092,113.59594771652883,24.80655202824414,66.4922874701937,-9.528728266006084,-63.87515870484721,43.91478529080076,51.991704502782085,128.8059032286786,-49.42088554742608,-82.07937058743926,-133.31666299216593,-135.44913373956837,-19.720715275637083,-110.64258171132421,93.66342809557446,-150.088161450678,-57.19906815451738,-98.09645694789593,71.60683507416125
175,5.858585858585859,-7.311999754539997,-18.067825212660722,77.27002472170909,41.46084187611041,65.87180632575839,-14.820547969409546,-64.13911959035102,37.96248440576106,60.9909056698114,125.63495481118957,-13.710579709481332,-86.46884832284687,-96.39857995494133,-158.40102311018615,-19.128555233232248,-116.94018123407572,93.55999741182839,-149.13948114934163,-64.15714885890512,-88.14857547953025,61.47780595228446
176,5.8920634920634924,5.970006710519982,-30.9237614454467,57.816645033710074,76.32751901750844,59.06060135344893,-3.7625257076934417,-44.010828111364354,28.42027822345874,49.04542111237521,105.01016737837564,9.832491587612248,-124.49652757566561,-86.13751512290773,176.42723386978108,-28.320870089197676,-107.24524711271049,95.43209642383184,-131.39229955401098,-75.06244318155832,-82.34687844163574,29.947724196817312
177,5.925541125541126,-35.79270637088824,3.0493721217934535,107.55007996383658,19.75940385882086,10.040874699481293,37.37797660373096,-18.938497308054853,8.423477049507133,54.308642370860085,42.04750584115342,-135.53157944603436,8.05927482020513,170.2611269248539,-84.99009730158832,-82.18879311130952,-65.23069344276747,97.41916892864461,-111.16816511884566,-94.18519299699129,-56.859522747985565,-52.13768715583785
178,5.959018759018759,-202.7634888887846,-142.86662746008938,-38.015474395120805,-135.59856991065482,-19.59962387211658,-32.77602702272756,-8.047113305784588,9.090605961993578,-75.62073044506633,-30.193725550625913,-177.49307244998684,-30.887539136692645,-64.72958356120228,21.979088323396738,-102.74505795632312,-113.61948158725808,81.99444432436854,-91.19254738999113,-71.75284860253694,-166.8132778350575,-101.94657415316284
179,5.992496392496393,7.1626776530267335,-24.572138150203315,25.282353826164524,137.29048457812507,4.683002826414906,51.48181886441449,20.132413184916885,-28.51472532199507,101.79059081520222,34.57832347918705,-24.51149628575449,-119.19504114448743,-121.67417393878122,175.37709700571588,-96.39182011261673,-47.332418416159044,99.9445301098026,-80.94240975411476,-127.32896260256861,20.848181061087452,-92.75063912338156
180,6.025974025974026,-3.5943928418527378,15.054168092631954,31.864565380193483,124.57768078885545,-2.444447070508005,72.29175960379277,33.325506790640645,-53.23477749180448,110.73996090916265,58.2221044926455,-51.188191822936716,-45.742906235203705,-137.593798981084,-150.79707432783567,-105.72923360089052,-26.21939353898022,100.89796983657774,-69.95927973974187,-151.74593063457746,40.78068116942079,-93.52382614193198
181,6.05945165945166,-20.204517900402877,10.41794085431465,24.572494922852343,96.36484023392904,-16.94805676583121,79.48888576279779,28.702133422176495,-60.142306875321694,108.65771705117402,66.88525772223703,-74.2825501332531,-13.020174882713654,-144.0780322328502,-113.43811573702831,-119.50553730999783,-17.07327550309928,99.55982090503184,-73.85534712199012,-156.70446814121877,34.80236992918391,-89.81921041898173
182,6.092929292929294,-4.473130290245024,6.189769600246336,56.75721529391478,69.20293658722937,-14.5045900903622,74.28032517047782,5.488221757423313,-49.72210450729269,85.4516969672232,66.11322270637723,-87.8679534888738,3.4535718728581473,-173.39482319862876,-92.7361977273882,-116.63760790471397,-23.533261140158853,99.97330206249423,-96.64479605692846,-147.53569081792938,-11.19309908970525,-81.42246811155212
183,6.126406926406927,-39.95444472344775,8.523451822680329,85.42345510444235,61.0515173981845,-4.452556742805683,64.2178802694263,-4.26145879802172,-24.982154873489936,40.95236987762894,45.13008422599759,-142.98536188945502,2.9697396787457135,166.9690828339927,-95.55371214393462,-107.60746206156493,-34.50219474575015,100.93749016696788,-107.41636411678098,-123.70222988866642,-66.463994239152,-78.57214566266882
184,6.159884559884561,0.4938894795671587,4.129871085534873,108.5288066844717,37.89694788611905,9.299459557350815,39.26920442460033,-7.436511986346739,-0.4359664064040777,57.86245146589117,77.47576166081782,-110.14477284773716,-6.0877578601744995,159.3613376726957,-100.21762894570938,-92.1098556428326,-62.32068105959035,101.49960034218705,-108.84582718653016,-102.02585189059475,-50.98337572063898,-24.550090229776924
185,6.193362193362194,-9.179665372673853,4.1072337807427886,131.7973514493957,45.95837278293499,35.795071238070705,26.55636998305937,-6.095322597628976,24.598634680268244,20.012936942489688,80.37913795258069,-115.28397489213683,-29.00957439457196,163.89569048053704,-123.11680817531474,-64.3069580700673,-77.15843539237976,101.90841734178856,-106.19735190576698,-79.11617069517088,-86.18441496327728,1.262967257409811
186,6.226839826839828,-9.009522155437438,1.0965026506406446,133.02459769089648,39.883538835428055,57.104504555134994,6.4476210701008085,-49.19227639203672,38.814202762422546,44.65427320219976,108.5599326865507,-87.46761098640215,-49.59675389220925,-168.45808883096473,-140.6932565428499,-35.43349114006824,-100.80971770742184,99.89766723636293,-141.73027208723997,-68.44313601510011,-97.07599888504018,40.11679667145059
187,6.260317460317461,0.9587471106374466,-25.16818262390109,110.82678239463081,24.767152427968824,73.32434003962193,-10.226434006244716,-68.20512338627545,46.72952200748251,63.61554835890726,129.15548680457897,-36.62627225301279,-79.12210839852719,-127.58501936365025,-143.9539257746261,-16.758236969019457,-119.18677334665729,99.52145817452698,-158.28770039491684,-62.230817332930066,-94.67215203600958,66.92466947164893
188,6.293795093795095,-2.2565325628998494,22.510874272825305,74.03887820043315,38.482354439414735,72.04984404289259,-12.960816761467157,-71.31982176342224,49.859453787455216,69.87555052687489,132.56081916359585,-4.21717834167508,-50.60779375749951,-91.96064577877524,-163.1186680303248,-17.921767578342088,-124.63631359091012,100.82355422533882,-161.2914333846569,-61.81604304198775,-91.41588285778201,70.74477612160813
189,6.327272727272728,-3.8706320895965263,70.0406351405735,44.19089017355407,66.37135853379128,61.35397685365207,-6.499069849958715,-63.69074432869185,41.26323207205203,74.95058200902555,125.72121807837117,13.503732731914083,-25.70821141156108,-72.62563517848939,174.25115344786545,-28.434745004935337,-119.3774880183433,101.333570013486,-153.47946618727926,-71.61518609633256,-78.52888417825368,54.10603198203862
190,6.3607503607503615,3.500328405395095,52.26788900783321,41.040521248088396,95.07406553564338,56.171508761287086,0.7433461353603832,-47.241603565215996,36.304832115208725,70.74206178950482,38.11523835086305,15.324011079387004,-63.0472654242736,-78.17631732600807,154.6848455678932,-37.13579607791968,-110.24108889646342,102.1458699355153,-140.54890840442278,-74.67960291661511,-69.80684661491793,-36.56436456575206
191,6.394227994227995,-6.512226167173836,8.19392312807183,18.07873136146236,121.4326743466828,36.493771187530825,9.209372858840709,-13.52880896301489,11.811602016315726,26.68847694158734,50.895957408495406,5.848721755267999,-123.28283084601892,-77.63905207755818,138.52324602590926,-59.56032071609583,-100.04407962740795,102.65377219493766,-109.58290086664155,-97.44185046993294,-82.89442392505421,-46.54589306143752
192,6.427705627705628,10.925411884034133,-1.945137085817592,37.018017278171726,130.0931202117852,30.95725800349129,32.59792241527299,10.773088708626998,0.18293000517313085,55.9442177148175,47.23173024946706,-8.265898871611503,-118.82965624393229,-109.19131075564563,153.1154808418853,-72.17329347747392,-76.79139894632952,106.25993642128387,-92.35746277233821,-109.20639135642939,-36.41324505752072,-61.9746611069623
193,6.461183261183262,-9.257896090070204,8.94765683865424,42.388416246965676,147.16661704093502,23.547565856860757,59.13244396590555,22.124119646999134,-17.169332405713025,82.86095390362868,53.244820354344625,-48.31755424296088,-98.54665623785465,-129.0596581528907,162.5056869234911,-86.67124190592502,-50.32769603557387,109.83947388213261,-88.09468811578665,-126.62947240719245,-5.23373421215796,-73.3846520528478
194,6.494660894660895,22.62154588936623,3.541934611069479,36.830317988165575,116.29121733157513,10.090065005143174,68.13273714593036,34.27814941273818,-36.03151479137359,91.06245753849664,66.48022670593176,-25.910854516936574,-60.710433824621674,-138.53240040630283,-154.25236843569118,-101.70208241813728,-37.961151104116084,108.94301783666344,-77.51399801054228,-142.12540304142004,13.548459527954376,-75.64517633548827
195,6.528138528138529,28.566046082069654,-0.6051129036606255,22.369541870768558,89.65497534234487,-8.743003951773773,70.63478872205577,41.61134268442292,-50.80074893636984,93.54063743850918,78.36628728378375,-24.7508666944683,-34.51831008700651,-143.31691277653798,-123.9131971833459,-120.94737090576945,-34.25822184100104,108.54868875852624,-70.59302426957274,-155.69375949942668,22.94761316893645,-77.32747221564293
196,6.561616161616162,35.79986760464769,4.743545715736957,29.631905274871315,65.00240059606324,-9.00975023470022,62.66108107796326,44.08438944175829,-54.33560801742055,90.97181151123334,77.98895970911832,-25.936330762706834,-10.76218887269847,-151.73619836735452,-105.50573458843544,-122.10429309248322,-40.50333399237218,108.12947896405922,-69.01015341602469,-157.500023087756,21.961658095208644,-79.51106337863767
197,6.595093795093796,44.53789427448566,15.670177143587509,49.48809598565515,52.67586175735818,-6.939997410718917,52.75683817059391,37.11742200346064,-50.30138959376608,103.32511616665687,73.5935154951385,-35.68879257549641,3.490196108269367,-170.22668684998206,-102.17998103531816,-120.73859086432698,-49.50411927795997,108.02977545108097,-76.68117145014742,-152.56234704231997,26.643944716509463,-78.96883154718147
198,6.628571428571429,52.09666195084889,12.370249542154383,74.47291841180865,53.93029768938226,-0.29137234008445034,54.7627768222748,32.53148395967675,-40.81650690839521,92.81662990267851,64.21561416715524,-46.392792439939186,0.9079107342597538,171.51054560921193,-101.46233880789465,-114.01653597897943,-47.532041118512375,108.00999078984107,-81.1936796792182,-143.1113248491824,11.622950223460316,-78.89571068202714
199,6.662049062049062,36.17931705055444,13.809934297316573,82.0166299000542,52.98275717057663,7.657996165552049,54.866047445055514,33.74073359137215,-25.79923653410218,67.20062643657603,52.732358908488465,-59.999111617478626,3.501839927419705,173.82157133196694,-100.30809436989686,-104.16179876797887,-47.325337199320295,107.00558978895339,-78.07906134215878,-127.99062117847801,-10.87843490558276,-75.25826226998954
200,6.695526695526696,26.786165796617595,13.016959642946404,94.50011924247522,51.947230909355255,11.025417730650304,54.60506826855337,25.2551340615295,-10.668825483399067,60.534728990619044,40.18732318691647,-74.58641140589975,3.6572526321845324,168.62742279748267,-99.35970701076188,-96.87245796004211,-47.41247610140663,104.95771003032621,-82.64274162916291,-112.68636985335907,-22.10801263854387,-72.49904666644261
201,6.729004329004329,19.8490326266364,14.914983091948983,104.45512770619649,51.551911792514716,20.29199028143742,53.10143710426341,18.888171097476967,4.535424837709664,56.365644610434884,40.90124262891783,-77.21039603066137,6.061508403528465,172.94057134270224,-98.85347468842053,-82.60430095110128,-47.30156289590584,101.64964561635398,-84.00812013506173,-95.86757516245959,-27.642475524626846,-54.96633253354178
202,6.762481962481963,0.7422368762723721,11.958975360198068,104.97210044600564,50.37647888510446,34.75449131293982,53.666577687240874,24.071553440105347,22.63075304651759,40.51153373212895,34.66291258614828,-81.4127328645967,4.905700623443217,-172.1549697408691,-97.05327473675487,-67.18286929486342,-46.676795851650354,101.14036707334725,-77.86580716769791,-77.71262049237363,-37.35427343556893,-43.04970790622535
203,6.795959595959597,6.982902996655838,9.740830551349674,102.14671892631566,45.70574892568004,41.693143548047516,50.19983031320888,14.257416085844381,37.04955448266994,57.50666756706762,34.56568725826483,-61.80506204516554,4.974590376952187,-158.7879650418214,-94.76624017439748,-56.641246115505766,-49.06049124871744,98.79735561273979,-84.07697357770891,-62.21076707925637,-26.57030601064128,-27.64507982099154
204,6.829437229437231,8.866266168978896,9.32150394054132,88.92909377626017,43.80125006848448,43.19489077958585,49.437305229253695,14.540774365494604,52.70381856280629,59.64355178964351,28.998475771688874,-44.1062327261067,5.8888604069773045,-142.9724988950856,-93.43264353356402,-54.04340511882543,-49.631393465079576,98.15349729637228,-82.69752153291667,-46.364880131527,-23.053969743273136,-17.36640435983812
205,6.862914862914864,8.958979495728599,10.525201653761386,79.34731871795668,43.31151907436572,42.74124568268783,48.207743372853884,13.700486883531909,62.758855938633104,61.71043922084108,27.455287741653876,-33.60180814758022,7.588577915842748,-132.56078764330886,-92.93662373791864,-53.21346892535218,-49.625104663552904,96.8937813222234,-82.25422772450811,-35.0739920977737,-20.543788503667027,-7.618704356119804
206,6.896392496392497,10.107611009154382,8.82853380881565,71.72704328617675,43.46011757962822,41.51252169108943,48.06151238305398,14.868193196777645,67.86357157860228,60.00886843076859,27.369904270466833,-25.95682952639078,6.481935346215715,-126.06444053554515,-92.34659846259996,-54.33739724936838,-48.88648088297176,96.39895610324177,-80.98172574368016,-29.084421687423472,-20.972857312911565,-1.7145174169566124
207,6.929870129870131,24.30332931109365,8.89891214126726,71.19619898487292,44.92693276373177,39.526003540969384,48.14955394521081,13.756918453426476,73.0677965521876,61.60570377327815,28.03049973611442,-12.05225490939014,6.315544652228067,-126.3555842204838,-92.58336748903919,-55.159385235610934,-47.656434725307435,95.24568872354928,-80.92847032315386,-22.738192118330627,-19.32276654987571,5.292307617783808
208,6.963347763347764,32.861438549422836,9.823994105807344,70.69540218775967,46.113495378154994,38.240113577082354,49.03558330466009,13.307646875226746,76.42092426007973,62.36331656880266,31.05446356433137,-3.9111090516997136,7.064192594187347,-126.77254760112254,-92.75980151162,-56.07714541336288,-46.64630613346506,94.9995742142852,-81.0096121152185,-19.260965178045442,-18.646295546415818,11.793498386285933
209,6.996825396825398,33.299940942643,11.232513169456539,70.91282461802518,47.04904542655862,39.11201276685475,50.1186887919842,13.537029985589768,79.85988010352514,60.96223369304437,33.07259182870254,-2.491432684792193,8.185576625366524,-125.79137362743519,-93.04693654409002,-54.87854900940996,-45.997891117531395,95.05357084289015,-80.45353179067494,-16.256699805990454,-19.491298097630573,16.815892022712106
210,7.030303030303031,32.43544291824436,11.761321573644139,71.10996927374191,47.61253826357421,41.297433452417266,51.135211133314755,12.919666601946373,82.99258999179756,62.19381052397503,33.0894376847973,-2.500816929657079,8.897447217924006,-124.93625984790143,-92.86387435572014,-53.82629057415956,-45.25133609214595,95.75513562601878,-82.20405742463045,-13.393957233663167,-20.010246900655403,19.695480451134145
211,7.063780663780665,34.76640752114545,12.475936250728708,71.02903030067512,46.93465395741504,39.64022071612666,51.27398518220741,16.233226661410928,85.68363299555607,55.96357044643838,33.121680395904406,-0.006942566327841183,10.132292580254912,-124.7733500874733,-92.3436436704738,-53.74431978679824,-45.40898971305879,95.03375769909555,-77.15131384151397,-10.999341899710132,-21.187743395075596,22.12233849619426
212,7.097258297258298,32.948733865766336,11.871164701709475,71.10974515940563,45.868093878245304,40.17360694894995,51.17219627531438,16.468808070945606,88.37964977867422,56.021944425824756,32.75573417593614,-2.0627675167988033,10.174246648179183,-125.01150138256514,-91.69691805353031,-53.901756223159474,-45.82882417528503,95.53819181135442,-77.60655510116382,-8.621370671925188,-21.58461067533906,24.13436350401098
213,7.130735930735932,33.07299713770456,10.537128308946265,71.12771095984442,45.37704794015667,41.94719261115554,51.2142610763529,16.394386908298237,91.53797539362496,57.46480589437104,30.866706969425934,-2.0580758471334333,9.294085090052363,-125.13107298483801,-91.24304321889392,-54.0033620249936,-45.865995278737245,96.51540549561966,-79.5561677278509,-5.542280961465201,-22.09136183347986,25.324426007960746
214,7.164213564213565,33.23588420197952,9.767759761708618,70.94813108770029,44.77476127530713,41.935353300082824,51.376348715755995,17.400024050863983,95.78562036903135,56.737730198111876,25.54018932156967,-1.9247888845492886,9.085019344993892,-125.16067308652882,-90.68274041671474,-54.212541998828534,-45.90797914140763,96.7161115780375,-78.74787124804739,-1.4987074881322824,-22.010141049935513,24.0414818334374
215,7.197691197691198,34.09320817012523,9.449496782559791,70.89302948208962,44.20083393186121,42.97593548570205,51.8184195894336,18.97319427777285,98.79504298436957,58.101713529957635,22.514132310715695,-1.0215545955647418,9.373321337864287,-125.11476276568997,-90.07617544469552,-54.2217332836004,-45.87534151283435,97.4457149357852,-78.2244744915296,1.1012818821016277,-20.12276096157195,23.615414192817266
216,7.231168831168832,35.165371736126644,8.747776111887035,70.51519252032614,43.281827882442826,42.89195888226726,51.705602754561426,24.803539017855808,98.32470883796094,53.48545444824066,23.615142995671135,0.17578673786127777,9.37761096457031,-124.98958499826537,-89.37016514731673,-54.47439247793923,-46.08833726487391,97.58014568982091,-72.56281234235068,0.5307688185256132,-19.07735789411002,24.14591181419678
217,7.264646464646465,36.21907514399506,8.272483680632888,68.64533123247031,42.240578708270164,43.872739082973936,51.109745900855046,25.373303427064087,99.70799048894685,56.19886487158358,20.684780139440704,1.5110207972885996,9.287224809098769,-124.70805434670649,-88.98525887153411,-56.06272311423622,-46.744680163263915,98.89494413066457,-74.56215877014608,1.8535644248278764,-18.363293898562475,22.538344564268534
218,7.298124098124099,36.2745953207927,8.317362016640246,66.41192726704395,41.417347458501126,43.650151605194,51.826702318761846,23.97230988375463,102.07399226538995,60.35397316009261,20.154726181069236,1.6296042237391724,9.366319937354017,-124.64499109705353,-88.95104207928624,-58.2330638300096,-47.53369462078514,100.62180618737531,-77.91090555144899,2.7135953258429484,-17.556932391356394,22.86832150691215
219,7.331601731601732,36.32928886854651,8.34075292954357,64.68341190773845,40.13220685364138,43.857136706681615,52.00678235998268,24.95456030972705,105.25553803188815,61.074584097108826,17.296874855675526,2.133564620534495,9.421292612010225,-124.19572424801201,-88.91946031753335,-59.51231234027353,-48.78725346389197,102.0817424354149,-78.4148887372281,4.461502208013476,-17.340304640119257,21.758377063689025
220,7.365079365079366,36.566724211029744,8.007362124333156,63.11045477750622,37.58517277506883,44.29521877652485,50.00757935982827,24.386255422541915,108.60039798783612,63.01947544777404,14.019184834983946,2.543663141614762,9.014254853835345,-124.02306106941498,-88.99310727049783,-60.91260629190874,-51.407934495429046,103.31166946184547,-80.8215696458917,7.184884132578781,-17.802094198117643,21.204068967562737
221,7.398556998556999,35.44897814436943,8.249809241717927,61.25562787053309,34.73392979423062,43.947385586945956,48.22069857353938,25.153737379192172,111.51407358329516,62.800957632888526,11.190593305766981,1.4581039403391278,9.273504181072434,-123.9908742040303,-88.9763050606455,-62.73524633349725,-54.24237526641489,104.57285288019875,-81.52889454125103,9.050999743340888,-18.727936908362487,20.24159304910786
222,7.432034632034632,35.48844320207666,9.224787326911596,59.62661820360506,32.56786094867232,43.93832000782274,47.98237235924765,23.35726981164426,116.63051172599332,66.22153458724483,7.000397911091454,1.2824074430873063,10.069765056690928,-124.20603575898936,-89.15502227022067,-64.57941755538428,-56.58716132154834,106.5436356220015,-85.16046775156275,12.060978045197324,-18.93893316431792,19.061375956288785
223,7.465512265512266,35.21276664244388,9.983649215724967,57.434516394568845,31.51879024321147,42.17381766735372,46.21776744981585,21.600800041407666,117.82951520289012,68.64381955359791,5.34306111328749,0.8033581841572754,10.071370045277629,-124.4094084582866,-89.91227917044735,-66.97489206371775,-58.39348892723594,106.87998305406161,-87.54790968966378,13.218258825838335,-18.904090136065857,18.56131993912585
224,7.498989898989899,35.128728443738765,11.186367841944133,55.183292422130535,30.752558120281492,39.43014368039405,44.146156242243904,21.45528645183139,118.06620551173323,68.03732472955187,6.134472684563207,0.6332143491201367,10.145055304979198,-124.49551409461864,-91.04131253696495,-69.31222167248809,-60.28875441668349,106.58863800590477,-87.28707890105073,13.63129485280582,-19.249754171498868,19.76576753736903
225,7.532467532467534,35.04622920748525,12.481821076732842,52.32979155406434,31.124616322877273,38.177620534125595,42.89326250235737,20.109288456109166,116.70574272814629,68.58937621957314,8.538926551761278,0.4753450984596881,9.697328530359334,-124.57088410902557,-92.7844925463735,-72.24109255496123,-61.659876223496255,107.48592590747023,-90.30942463297767,12.15260400229266,-21.720048413404513,20.69153055405392
226,7.565945165945167,35.01104354573379,14.508343246664069,50.03408870717385,31.350346233630262,34.2451526677076,44.82381305374258,19.31799405280049,119.31912204417053,65.604242894594,12.414679139284772,0.38494888930984866,9.488792779773778,-124.62609465642396,-95.01955046689028,-74.59200594925011,-63.66920423326004,108.66508795198018,-89.51916456415725,10.826104757167897,-23.91492166956325,23.240783896452655
227,7.5994227994228,33.51483569922254,16.153488760126905,46.60506184818075,32.181792560778945,33.335671749714805,45.93631679825299,19.05607617379522,120.61793135324888,68.151164028043,12.852660132244182,-1.1390353480933102,9.02547954825142,-124.65387104731586,-97.1280092118755,-78.04880919913505,-64.94621665109656,111.13350719909971,-92.32840477505464,9.735397903899301,-24.177240747011627,22.58805803614349
228,7.632900432900434,31.1053188672346,17.751394613562027,42.81447954863319,32.64963650195068,29.276799525135004,45.62557277741681,17.87449249290847,119.96456342824364,70.26074479306777,15.255855251371827,-3.476192380844988,8.493378593317932,-124.58151124807958,-99.2580160202441,-81.76703169944639,-66.6083795182934,111.63889176014581,-93.16933873167292,7.730611132533432,-22.90859393860515,22.986466383905224
229,7.666378066378067,27.976744323498764,19.138493971290927,39.0792898429213,32.507057468808114,25.329036319454815,43.76713745410822,18.59058110934693,118.54859600489488,70.40729846647882,13.91593430736043,-6.5339831725194815,8.058871985023623,-124.51072749601826,-101.07962198626731,-85.43143765309699,-68.5725645174592,111.55008797205963,-92.1698928632049,6.20889403332745,-21.762594396726072,20.12482834068786
230,7.699855699855701,24.176730099826557,20.090329356418593,35.25245468785931,32.44898250396329,23.03448475420521,42.83924135230038,17.435838985445077,118.83800195778434,71.70392544008749,8.8046240566689,-9.663740125662741,7.0636257112181635,-123.8404702254893,-103.02670364520044,-88.58801553762996,-70.57772114123712,112.51973139268634,-94.18666130639009,5.421039464246825,-22.48273586630259,14.22566352091576
